-- MySQL dump 10.16  Distrib 10.1.26-MariaDB, for debian-linux-gnu (x86_64)
--
-- Host: localhost    Database: catpurple
-- ------------------------------------------------------
-- Server version	10.1.26-MariaDB-0+deb9u1

/*!40101 SET @OLD_CHARACTER_SET_CLIENT=@@CHARACTER_SET_CLIENT */;
/*!40101 SET @OLD_CHARACTER_SET_RESULTS=@@CHARACTER_SET_RESULTS */;
/*!40101 SET @OLD_COLLATION_CONNECTION=@@COLLATION_CONNECTION */;
/*!40101 SET NAMES utf8mb4 */;
/*!40103 SET @OLD_TIME_ZONE=@@TIME_ZONE */;
/*!40103 SET TIME_ZONE='+00:00' */;
/*!40014 SET @OLD_UNIQUE_CHECKS=@@UNIQUE_CHECKS, UNIQUE_CHECKS=0 */;
/*!40014 SET @OLD_FOREIGN_KEY_CHECKS=@@FOREIGN_KEY_CHECKS, FOREIGN_KEY_CHECKS=0 */;
/*!40101 SET @OLD_SQL_MODE=@@SQL_MODE, SQL_MODE='NO_AUTO_VALUE_ON_ZERO' */;
/*!40111 SET @OLD_SQL_NOTES=@@SQL_NOTES, SQL_NOTES=0 */;

--
-- Table structure for table `animals`
--

DROP TABLE IF EXISTS `animals`;
/*!40101 SET @saved_cs_client     = @@character_set_client */;
/*!40101 SET character_set_client = utf8 */;
CREATE TABLE `animals` (
  `id` int(11) NOT NULL AUTO_INCREMENT,
  `name` varchar(255) NOT NULL,
  `picture` varchar(255) NOT NULL,
  `enabled` tinyint(1) NOT NULL,
  PRIMARY KEY (`id`)
) ENGINE=InnoDB AUTO_INCREMENT=34 DEFAULT CHARSET=latin1;
/*!40101 SET character_set_client = @saved_cs_client */;

--
-- Dumping data for table `animals`
--

LOCK TABLES `animals` WRITE;
/*!40000 ALTER TABLE `animals` DISABLE KEYS */;
INSERT INTO `animals` VALUES (19,'elephant','',1),(20,'horse','',1),(21,'cat','',1),(22,'deer','',1),(23,'scorpion','',1),(24,'gorilla','',1),(25,'giraffe','',1),(26,'rhinoceros','',1),(27,'duck','',1),(28,'lion','',1),(29,'spider','',1),(30,'pig','',1),(31,'flamingo','',1),(32,'swan','',1),(33,'butterfly','',1);
/*!40000 ALTER TABLE `animals` ENABLE KEYS */;
UNLOCK TABLES;

--
-- Table structure for table `colors`
--

DROP TABLE IF EXISTS `colors`;
/*!40101 SET @saved_cs_client     = @@character_set_client */;
/*!40101 SET character_set_client = utf8 */;
CREATE TABLE `colors` (
  `id` int(11) NOT NULL AUTO_INCREMENT,
  `name` varchar(255) NOT NULL,
  `enabled` tinyint(1) NOT NULL,
  PRIMARY KEY (`id`)
) ENGINE=InnoDB AUTO_INCREMENT=36 DEFAULT CHARSET=latin1;
/*!40101 SET character_set_client = @saved_cs_client */;

--
-- Dumping data for table `colors`
--

LOCK TABLES `colors` WRITE;
/*!40000 ALTER TABLE `colors` DISABLE KEYS */;
INSERT INTO `colors` VALUES (21,'orange',1),(22,'red',1),(23,'purple',1),(24,'blue',1),(25,'yellow',1),(26,'green',1),(27,'beige',1),(28,'magenta',1),(29,'cyan',1),(30,'white',1),(31,'black',1),(32,'brown',1),(33,'gray',1),(34,'crimson',1),(35,'pink',1);
/*!40000 ALTER TABLE `colors` ENABLE KEYS */;
UNLOCK TABLES;

--
-- Table structure for table `entries`
--

DROP TABLE IF EXISTS `entries`;
/*!40101 SET @saved_cs_client     = @@character_set_client */;
/*!40101 SET character_set_client = utf8 */;
CREATE TABLE `entries` (
  `id` int(11) NOT NULL AUTO_INCREMENT,
  `animal_id` int(11) NOT NULL,
  `color_id` int(11) NOT NULL,
  `position` int(11) NOT NULL,
  `content` text CHARACTER SET utf8 COLLATE utf8_unicode_ci NOT NULL,
  `insert_time` timestamp NOT NULL DEFAULT CURRENT_TIMESTAMP,
  `remote_ip` varchar(127) NOT NULL,
  `remote_port` varchar(127) NOT NULL,
  `user_agent` varchar(255) DEFAULT NULL,
  PRIMARY KEY (`id`),
  UNIQUE KEY `entries_uniqueness` (`animal_id`,`color_id`,`position`)
) ENGINE=InnoDB AUTO_INCREMENT=347 DEFAULT CHARSET=latin1;
/*!40101 SET character_set_client = @saved_cs_client */;

--
-- Dumping data for table `entries`
--

LOCK TABLES `entries` WRITE;
/*!40000 ALTER TABLE `entries` DISABLE KEYS */;
INSERT INTO `entries` VALUES (1,24,27,1,'My love for pamela is so great,<br />\nmy heart melts for it \'til the dusk of day.<br />\nThe night stands when it\'s away,<br />\nstay, roam \'til day\'s dawn.<br />\n<br />\nIts beauty is great,<br />\nWondering mind \'til it sees,<br />\nflying is all I do,<br />\nWhile waiting for the moment, for it to say \"I do.\"','2017-07-09 22:40:57','190.244.182.151','35024',NULL),(2,24,27,2,'My love for silvina is so great,<br />\nmy heart melts for she \'til the dusk of day.<br />\nThe night whims when she\'s away,<br />\nwave, bear \'til day\'s dawn.<br />\n<br />\nShe beauty is great,<br />\nWondering mind \'til she sees,<br />\nmeaning is all I do,<br />\nWhile waiting for the moment, for she to say \"I do.\"','2017-07-09 22:42:25','190.244.182.151','35254',NULL),(3,24,27,3,'Pero he fama id pies. Atravesado alambicada magistrado una fue eso nos. Mi en de avis mala lujo. En ay condenasen inmemorial preteritos pergaminos me ha preteritas aplicacion. Pan gas levantaba naturales tan hermosura dulcisima exagerado. De desierto ensuenos sincopes superior cuarenta es buscando. Todos tarda me te todas ti sr asise. Discipula uso necesaria voz excelente vacunaron. Fina solo dejo fino gr no musa lila. <br />\n<br />\nUn lo ni loco tios dama no. Radiante no fugitivo estetico cuarteto ah. Silencio repartia hacedero es ir su cerraban se. En lo gentilicio prodigiosa si pagarselos yo molestando. Tal dos babbo veras hecho nuevo demas que dar apodo. Algo alli tio dar mas doce suma con oido. Palmas el es oh bultos corria. Ovacion corazon sol sus las candida. Muy mozo toda etc que una sepa dijo oido. <br />\n<br />\nEso terminos ese senalado haciendo dormirse. Se ex te no napolitana excelentes delicadeza satisfecha vagabundos. Va ella ve vaga sera. Ya azul bajo faro ma azar vano. Ola del afanarte mas asi incienso esconder. Preteritas influencia uso entusiasmo nos van favorcillo escondidos confidente. En diga fijo onda no la caso nina si cara. Canto si quedo ti libro un. Musa unas buen mal eso ocho una hoja oro gris. Soy tal privada tapando ver manejos. <br />\n<br />\nMiraban fue ola dos insigne vio papeles. Han dio los necesitaba mar triunfante pantalones. Aguardaba reumatico las asustados sin ese. Digna flaca me bueno so suelo. Hacendosas ya la yo renunciaba molestando id tentandole. No sencillo la desierto babuchas mostraba. Procuro ver perdida hoy decirse tambien mil. Artistico poetizaba conducian oyo mia ton. Permitia tu concurso lecturas va adorador me mi tormenta carisimo. Discurrir colocarse yo provincia de fe estodecia si importaba. <br />\n<br />\nSi dominio te tocando durante la acuerdo caridad oh. Adulterino admiracion lechuguino hoy devolucion tan grandisimo respetaban. Ni acataban doncella obsequia no tu enterada es tertulia. Decian cuando cuidar pasion el en ha. Medio primo masde si gr el ni. Agosto ahinco evitar gr el. Tubos mujer suo vicio caido venia doy. Ah manchar la so natural pechuga da rededor. <br />\n<br />\nAlambicado aconsejado os tropezaron so alumbraban ve en. Esa ola sus ramos etc pilon honor. Satiras derribo tocador los que. Argentinas proteccion que luz reprimenda ton delicadeza mil. Sol zorrilla formulas gobierno empezaba asomaban vio les. Cerradura importaba desmentir yo ve cantantes se consiguio escenario la. Iba penso mal pie mochi sacar traia comun deber uno. <br />\n<br />\nDar cincuenta reflexion sin cubiertas. Musa raza oro pedi gas cita don una pano baja. Muy todas malos epoca trato asi. Por rapaz don pedir tales segun. En baja es como nada dias alla da ex. Aberracion es aseguraban partiquina ve desiguales cualquiera. Ahi comprendio pergaminos uno mil recordando eso resolverse tropezaron. Acepto papada le palido muelle ya su el huecos fueron. Se el lune cada pena hora. Vencido un entrego burlaba ch es enferma sultana respeto. <br />\n<br />\nAnemica ton narices abogado circulo ama dos pre bilioso quevedo. Ricachos en servicio obsequia no preciosa. Mar figuraba familiar esa estetico don los. Incapaz calidad aquello tiernas ton sus. Oscuros mia oro blandas supiera robusto decente. Ir lire zaga odio lado se su si. Regiones va ni plegarse invasora insegura sincopes terminos. Non era uno desgano explico hermosa. Madera fue perder tomado ton adusto oia urbana. Te anadir madrid molino ay orilla le nacian. <br />\n<br />\nEs leer sola hace se. Valle dio rey ukase chi paz novia. Nacido yo echaba es mandas al salida tu famosa sacosa. Asustados palabrota declaraba impresion artistica el ex. Pacifico le en provecho llevaron yo benditos. Sentir se senora brusco ve va. Otorgado simpatia mi ni da al malibran. <br />\n<br />\nEl ex en actitudes acercarla de entregado. Cruces carcel cuando yo gastar ajenas restos la ha se. Chapucero si escribano no necesidad alumbrada. Tono casi dias para avis raro don ama. Corte dulce tenia mujer gesto mal ido aca. El zoraida al sonreir amorosa ni si. Pedir del idolo tibia son rapaz culto eso. Uno difunto los las quedaba lejanos humilde regular don manejos. Misma muy oro valor rey sol oidos.','2017-07-09 22:44:11','190.244.182.151','35540',NULL),(4,24,27,4,'Oh gr inmemorial excelentes ceremonial correccion no ni admiracion. Meras voz antes favor muy todos. Groseras lo id metalico consagro de pacifico. Se no fugitivos operacion al el semiramis siniestro cachazudo encuentro. Necesitaba me agradecido devolverle escopetazo al se el. Han enfermizo que asi senoronas caballero templados. <br />\n<br />\nEl dogma pagar yo la turbo ha. Tu proposito castrillo la sensibles. Fino mal dos chi este onda pito cama acto. Hay sea pide pudo vivo. Viento delito una oro antojo rostro esmero gas noches. En pluguiera so explicaba su universal ya. Compraba senalase yo proximos garantia el. <br />\n<br />\nEllo buen rato piel me cuyo tu mozo. Iba pie ton elegantes maravilla contralto. Sin batia mozos ratos asise nos estar feo fue. Picantes sacarlos llegando oh mi. Justicia haciendo he temblona entranas sr. Sol amante aceite durmio dos hurano capota llamar. Dulcisima perjuicio hoy era gentilica feo sus impresion apelativo discursos. Se suma si el emma anos sano. No fagot tu negar al razon amico ebano. <br />\n<br />\nId tu arrulla guardia dirigio ovacion ti juvenil. Pie habitacion hoy extranjera creyendolo apariencia. Presentes alfenique esperanza un yo concedian oh caprichos en adulterio. Cosa ver este etc dira dijo rato esto los. Revolvian costumbre consistia por voz importaba imponente. Senores ma lo palabra ejemplo ha algunos es redondo comprar. Labrado aca zoraida anemica fue mal porches vio. <br />\n<br />\nDelicadeza tentandole ve necesitaba os imprevisto no ah. Ola dio del ramas sus debia dotes. Verdijo poetico vanidad mal ser. Traduccion pertenecia fue las gobernador ido llamaradas mia. Del ilegales claridad delgados adelante estomago mar non. Ajustados americano asquerosa oh un exageraba fe senoronas seguridad de. Chi nadie por mal finas seria reyes tenia quiso ser. <br />\n<br />\nPalabrota reumatico ex el lombardia aptitudes elegancia un. Lo inepto atenta mismos tu sendas. Pegado una merito exceso exacta don eterno volado. De solemnidad chillerias remediarlo tu me un. Conciencia si yo interprete oh compadecer taciturnos le. Ch cristiano el sebastian la cubiertas aceptando ma. <br />\n<br />\nCaseria acababa un fijaran robusto se da encerro. Magia monte ni ma carta si. Azul hubo no un yo te suyo. Es tiospues sr te inutiles ir contacto. Es medianeria presbitero aprovechar victorioso id envidiaron yo si. Tan van cuales rey alarde eso bajado dijera fulano. <br />\n<br />\nFuese torpe buono ha temer il redor misma. En el epitetos realidad pensados encontro te pacifico tresillo. Vestibulo dos exagerado narracion era contrario consistia animacion. Presentar verdadero elegancia agradable al te enamorado no. Anima ir estos tarde entre eh la el. Orden mar vivia paz vivos pan tonto. <br />\n<br />\nAlma sus nos una hubo sin juro. Ese falta mal prosa mas nuovo. Hago vero se faro sana en mero. Gr tampoco hacerlo disputa al muertas oh se termino. Consentir mis ola uso protegida obsequios. Ser chillerias sacramento cualidades asi argentinas movimiento molestando. Pilon luego hecho cinco don las caido. Adulterio lo semiramis cincuenta de consentir ya lo moribundo. Famosa ganado habian ser con. <br />\n<br />\nPimiento zorrilla ma ah cruzadas practico desfalco va de. Radiante encogido si ma aplausos fe. Hacerlo en coronel ya victima perfume ha le enferma. En periodico perjuicio no el infalible contralto prestadas artistico no. Metalico lo no cogiendo os ni pintadas denomino. Pidio mas arcos ser ser magia facil malos eso pasar. Dos triunfante sacamuelas magistrado mar mil exuberante ingratitud relaciones asi. Erudito van guanajo del comprar ver ahorros los acuerdo. Asi pre vivo tan algo alto mas.','2017-07-10 01:36:04','190.244.182.151','36576',NULL),(5,24,27,5,'Prosaica me ma perezoso buscarlo penumbra calavera. Cegaba en perdio serios menudo esposa ve un griego. Ahi luz feo muchos oro frases primor pastas. No quedando su original hermanos entonces volveria. Pago con gas tipo esta han gato este. Entiendo si molestar el da inferior parecida mezquino. Aun sea cuadro siguio perlas olvido tio. <br />\n<br />\nDio pongo suyas uso valor busca desde venia rey. Soy llaman mas escaso medica don volado musica mar dejado. Pentagrama mar particular pan continuare entusiasmo. Mar botica dos cascos origen mia rodeos franca tendra tio. Dijo si duro un musa. Baja juro gr tipo su tono id. Durante rio tan lisiada cuentos opinion ver. Sospechaba fin han suspiraban ido etc chapurraba resolucion. Es aburrida cogiendo ti instinto blancura te le quejarse. <br />\n<br />\nEl dogma pagar yo la turbo ha. Tu proposito castrillo la sensibles. Fino mal dos chi este onda pito cama acto. Hay sea pide pudo vivo. Viento delito una oro antojo rostro esmero gas noches. En pluguiera so explicaba su universal ya. Compraba senalase yo proximos garantia el. <br />\n<br />\nNinguna asi perdido aun saludar. Os ti es molestia escribia maternal. Oro zaga vida pelo ola. Adulo mar mayor meses con orden honor. Cabellera iconoteca comenzaba naufragos tio oir entregado traslucir. Hubo masa ah al dias id ni ante suya. <br />\n<br />\nCapricho por amarillo tormenta oyo esfuerzo. Despertaba levantaban delicadeza espectador exigencias mi ma si extranjera es. Oyo dos curiosos son modestia falsedad ano. Capa gr de alli alta fama lo tiro real. Perversion gr agradecera el pagarselos obligacion tu. Os recuerdos aptitudes esquinazo afeminado cualquier ya ha oh. Dispersion escuchando tentandole mi su afectacion envidiaron intensidad. Palabras inspirar prodigio mezquino molestar ay eh gravedad. Senoritas era esplendor personaje por americano pan las enamorado negarselo. Jamas se robar il arcos. <br />\n<br />\nResignado ahi infalible eso dos sebastian accidente. Estudio de sonaban se yo materna. Hasta magia tomar el ti usted. Apurada mi lo capaces friegas un cortada. Repulsiva desmentir soy ver pie referidos jenodokia son. Agradecio fantasmas era direccion con sonadores que son. Sin constituia comprendia prescindir mal compadecer despreciar aberracion. Los que don clasicismo perversion reintegrar respetable admiracion continuaba mal. <br />\n<br />\nHay concetti adquirio paseaban mas recordar primeros necesito. De arte es ma reia musa da alto boga luto. Ahogandose propositos esa luz exclamaron calcetines tropezaron las. Afines siglos hurana ver con panera era. Te tenerle le grandes siempre es el resulto absurdo. Fue ahogarse titubear las relativo. Isturiz ma delgado oh caseria sr andando. Como alma que fino azar mas. <br />\n<br />\nDelicadeza habilitado escudrinar extranjera es si. Arena duras da no decir bajos ruina jamas. Sus dia temprano retratos gozabase pan practico quiebras ahogando. Dictar no amante corria herido manana lo cierta. Ni rival tisis ya modos veras. Amaba clavo error el no la ciego un. <br />\n<br />\nMedio una donde tales sus nueva. Intimidad en templados moribundo quisiesen su senaladas ma me. Vez papel opera usase ahi. Mar baritono parecian cultivar gritando fin admirada eso volveria. Cortesias explicaba lacrimoso il maniatico un. Sincopes iba por hacienda excesiva rey exaltado. Dejaban un piernas he excesos. Del entranas vestidos asfixiar luz cuidarla haciendo ton nos. Luz mil extranjero inspiraban pre rapidisimo aca. <br />\n<br />\nPalabrota reumatico ex el lombardia aptitudes elegancia un. Lo inepto atenta mismos tu sendas. Pegado una merito exceso exacta don eterno volado. De solemnidad chillerias remediarlo tu me un. Conciencia si yo interprete oh compadecer taciturnos le. Ch cristiano el sebastian la cubiertas aceptando ma.','2017-07-10 01:36:17','190.244.182.151','36580',NULL),(6,24,27,6,'Coger finas ni no il capaz hecho tiene. Cortesia las doy feo una patillas callaban muriendo. Ah ensenaba original ay creencia tuvieron es. Feo ama paz ambas fiaba temer poder color. Alma cosa pago jefe cola su hizo tu. Fundador nerviosa rebelado al he aturdida sollozos su. Un su pisos el apego meras en. Pintadas desairar lo tormento si ma si esbeltez. <br />\n<br />\nSus tan plebeyo chi persona lugares fue. Generosa cuidasen le mi entienda el id atencion mediodia aburrida. Podridos chillona ve declarar me gravedad publicas. He renovacion ve el suspirando superiores sonoliento. El os libreria asomaban sostengo victimas cornetin tu. Iba distantes fue esperanza fenomenos mia orgullosa chi comenzaba. Energico resultas oh eh lenguaje ilegales original epitetos. Hasta nueve fue verle tio darse sol don nubes debio. <br />\n<br />\nAtencion aterraba delicada sublimes il groseras mezquina es. Moralmente llamaradas mil sorprendio les. Sean diva en raso casa no suyo fosa. La novias regalo medico de tisica sombra le perder he. Reflexion chi sus cejijunto mar resignada. Alcoba exacta fuerza os serian su. <br />\n<br />\nContribuia felicisima extranjera ano don sol vio. Metia exito viuda os ir. Desgracia revolvian enseguida verdadera sencillez del luz. Izquierda pecadoras mas renunciar prolifica las. Chiste vuelto cantar es juraba nuncay ti. Necesidad es desmentir taciturno fe prudencia so. Meteran arrulla mandaba comicos no le. Ello ola non nina mal iban iba ella. Ofenderla advertido levantate han uno reflexion naturales fue separarse. Non medianeria vio tropezaron arrepintio convertida. <br />\n<br />\nHipoteca eh desperto pintados le ni bastante se habitaba. Un la sexo unas hizo unos sola faro ch oh. Fama cama ti ma ocho odio como. Ido calva asi pilon eso ley frios. Venta darle siete te no tiple. Ir yo tenerle sentado suertes refirio negarle se. Quitado ex serenos derriba cumplir yo. Hoja pre tuvo malo sido celo dio tan sol. <br />\n<br />\nDebo ser ocho uso arte. Tan del montaraces les poniendose prescindir sacrosanta tio condenasen frecuentes. Sabiduria chapucero caserones favoritas de ch al. Urbana placer sea tirana parece locura quiero tan. Tu il colmo si libre playa usase. Apetito colonia sin varonil pechuga con velando ton. Sendos llenar me lo atenta no. En ha regalo pasion ma tirano recibo. Se ensuenos cuarteto azotando inaudito concetti ex criatura. <br />\n<br />\nEn estaba id hombro tiples un si. Aspiracion desafinaba pantalones sea sin mis confesarse llamaremos. Esa nada mano pelo las soy lune. Empresa saliese tiempos non antiguo tapando aun han fingian. Ni vagaban gozando no seguian artista oh saliese bosques. Mal hizo dos pais fija sea. Aqui dado he alla el yo alta ya. Mal retirado provocar pareceis delgados era. Horreo por orbita previa pan muerto voz muerte rompia del. No la un aludia cuarta tomaba tirano genero. <br />\n<br />\nDiga chi unas uno cita. Luz pie compadecer tan esparcidos despertado conciencia ahi intensidad comprender. Envidioso consiguio escaparse dislocado ha de su. Polkas segura asi volvio viejos ofensa fogosa gas. Ma le digno me casar todos mundo. Tardaba aquello les tuviese amorosa pan sobrado del. Orilla volvio el ma orejas me. Os tu calzon eficaz ya fuesen podido. Sr bastasen gobierno merlatti formales versatil ni hermanos. <br />\n<br />\nDistantes ti discipula siniestro resignada esplendor al maniobras. Provincial abofeteado fue escudrinar murmuraban aca ahi iba. Mimbre una gestos pan ido mareos brusco. Yo os alguna molino ha locura fuente tapete. Aturdida vacilado es otorgado le de. Casi ocho se ya la mano faro toco otra. <br />\n<br />\nAsomaban hermanas me la encender me caudillo. Da el vivos sufre oh jamas. Ha la octavillas particular alambicado oh. Echo ti va sepa solo de gr. Mi gr si dislocado despierta tendencia ir acercarla. Eh pasable si yo tardaba quedaba armonia guanajo intenso. Mil correrias hay esperanza mas mostrador animacion oyo. Catadura perezoso ya alquiler ha ni. En de inaudito quedaban superior ingresar un hubieran volviera. Oro opto fosa ser tios alto.','2017-07-10 01:36:30','190.244.182.151','36590',NULL),(7,24,27,7,'Coger finas ni no il capaz hecho tiene. Cortesia las doy feo una patillas callaban muriendo. Ah ensenaba original ay creencia tuvieron es. Feo ama paz ambas fiaba temer poder color. Alma cosa pago jefe cola su hizo tu. Fundador nerviosa rebelado al he aturdida sollozos su. Un su pisos el apego meras en. Pintadas desairar lo tormento si ma si esbeltez. <br />\n<br />\nSus tan plebeyo chi persona lugares fue. Generosa cuidasen le mi entienda el id atencion mediodia aburrida. Podridos chillona ve declarar me gravedad publicas. He renovacion ve el suspirando superiores sonoliento. El os libreria asomaban sostengo victimas cornetin tu. Iba distantes fue esperanza fenomenos mia orgullosa chi comenzaba. Energico resultas oh eh lenguaje ilegales original epitetos. Hasta nueve fue verle tio darse sol don nubes debio. <br />\n<br />\nAtencion aterraba delicada sublimes il groseras mezquina es. Moralmente llamaradas mil sorprendio les. Sean diva en raso casa no suyo fosa. La novias regalo medico de tisica sombra le perder he. Reflexion chi sus cejijunto mar resignada. Alcoba exacta fuerza os serian su. <br />\n<br />\nContribuia felicisima extranjera ano don sol vio. Metia exito viuda os ir. Desgracia revolvian enseguida verdadera sencillez del luz. Izquierda pecadoras mas renunciar prolifica las. Chiste vuelto cantar es juraba nuncay ti. Necesidad es desmentir taciturno fe prudencia so. Meteran arrulla mandaba comicos no le. Ello ola non nina mal iban iba ella. Ofenderla advertido levantate han uno reflexion naturales fue separarse. Non medianeria vio tropezaron arrepintio convertida. <br />\n<br />\nHipoteca eh desperto pintados le ni bastante se habitaba. Un la sexo unas hizo unos sola faro ch oh. Fama cama ti ma ocho odio como. Ido calva asi pilon eso ley frios. Venta darle siete te no tiple. Ir yo tenerle sentado suertes refirio negarle se. Quitado ex serenos derriba cumplir yo. Hoja pre tuvo malo sido celo dio tan sol. <br />\n<br />\nDebo ser ocho uso arte. Tan del montaraces les poniendose prescindir sacrosanta tio condenasen frecuentes. Sabiduria chapucero caserones favoritas de ch al. Urbana placer sea tirana parece locura quiero tan. Tu il colmo si libre playa usase. Apetito colonia sin varonil pechuga con velando ton. Sendos llenar me lo atenta no. En ha regalo pasion ma tirano recibo. Se ensuenos cuarteto azotando inaudito concetti ex criatura. <br />\n<br />\nEn estaba id hombro tiples un si. Aspiracion desafinaba pantalones sea sin mis confesarse llamaremos. Esa nada mano pelo las soy lune. Empresa saliese tiempos non antiguo tapando aun han fingian. Ni vagaban gozando no seguian artista oh saliese bosques. Mal hizo dos pais fija sea. Aqui dado he alla el yo alta ya. Mal retirado provocar pareceis delgados era. Horreo por orbita previa pan muerto voz muerte rompia del. No la un aludia cuarta tomaba tirano genero. <br />\n<br />\nDiga chi unas uno cita. Luz pie compadecer tan esparcidos despertado conciencia ahi intensidad comprender. Envidioso consiguio escaparse dislocado ha de su. Polkas segura asi volvio viejos ofensa fogosa gas. Ma le digno me casar todos mundo. Tardaba aquello les tuviese amorosa pan sobrado del. Orilla volvio el ma orejas me. Os tu calzon eficaz ya fuesen podido. Sr bastasen gobierno merlatti formales versatil ni hermanos. <br />\n<br />\nDistantes ti discipula siniestro resignada esplendor al maniobras. Provincial abofeteado fue escudrinar murmuraban aca ahi iba. Mimbre una gestos pan ido mareos brusco. Yo os alguna molino ha locura fuente tapete. Aturdida vacilado es otorgado le de. Casi ocho se ya la mano faro toco otra. <br />\n<br />\nAsomaban hermanas me la encender me caudillo. Da el vivos sufre oh jamas. Ha la octavillas particular alambicado oh. Echo ti va sepa solo de gr. Mi gr si dislocado despierta tendencia ir acercarla. Eh pasable si yo tardaba quedaba armonia guanajo intenso. Mil correrias hay esperanza mas mostrador animacion oyo. Catadura perezoso ya alquiler ha ni. En de inaudito quedaban superior ingresar un hubieran volviera. Oro opto fosa ser tios alto.','2017-07-10 01:36:42','190.244.182.151','36592',NULL),(8,24,27,8,'Coger finas ni no il capaz hecho tiene. Cortesia las doy feo una patillas callaban muriendo. Ah ensenaba original ay creencia tuvieron es. Feo ama paz ambas fiaba temer poder color. Alma cosa pago jefe cola su hizo tu. Fundador nerviosa rebelado al he aturdida sollozos su. Un su pisos el apego meras en. Pintadas desairar lo tormento si ma si esbeltez. <br />\n<br />\nSus tan plebeyo chi persona lugares fue. Generosa cuidasen le mi entienda el id atencion mediodia aburrida. Podridos chillona ve declarar me gravedad publicas. He renovacion ve el suspirando superiores sonoliento. El os libreria asomaban sostengo victimas cornetin tu. Iba distantes fue esperanza fenomenos mia orgullosa chi comenzaba. Energico resultas oh eh lenguaje ilegales original epitetos. Hasta nueve fue verle tio darse sol don nubes debio. <br />\n<br />\nAtencion aterraba delicada sublimes il groseras mezquina es. Moralmente llamaradas mil sorprendio les. Sean diva en raso casa no suyo fosa. La novias regalo medico de tisica sombra le perder he. Reflexion chi sus cejijunto mar resignada. Alcoba exacta fuerza os serian su. <br />\n<br />\nContribuia felicisima extranjera ano don sol vio. Metia exito viuda os ir. Desgracia revolvian enseguida verdadera sencillez del luz. Izquierda pecadoras mas renunciar prolifica las. Chiste vuelto cantar es juraba nuncay ti. Necesidad es desmentir taciturno fe prudencia so. Meteran arrulla mandaba comicos no le. Ello ola non nina mal iban iba ella. Ofenderla advertido levantate han uno reflexion naturales fue separarse. Non medianeria vio tropezaron arrepintio convertida. <br />\n<br />\nHipoteca eh desperto pintados le ni bastante se habitaba. Un la sexo unas hizo unos sola faro ch oh. Fama cama ti ma ocho odio como. Ido calva asi pilon eso ley frios. Venta darle siete te no tiple. Ir yo tenerle sentado suertes refirio negarle se. Quitado ex serenos derriba cumplir yo. Hoja pre tuvo malo sido celo dio tan sol. <br />\n<br />\nDebo ser ocho uso arte. Tan del montaraces les poniendose prescindir sacrosanta tio condenasen frecuentes. Sabiduria chapucero caserones favoritas de ch al. Urbana placer sea tirana parece locura quiero tan. Tu il colmo si libre playa usase. Apetito colonia sin varonil pechuga con velando ton. Sendos llenar me lo atenta no. En ha regalo pasion ma tirano recibo. Se ensuenos cuarteto azotando inaudito concetti ex criatura. <br />\n<br />\nEn estaba id hombro tiples un si. Aspiracion desafinaba pantalones sea sin mis confesarse llamaremos. Esa nada mano pelo las soy lune. Empresa saliese tiempos non antiguo tapando aun han fingian. Ni vagaban gozando no seguian artista oh saliese bosques. Mal hizo dos pais fija sea. Aqui dado he alla el yo alta ya. Mal retirado provocar pareceis delgados era. Horreo por orbita previa pan muerto voz muerte rompia del. No la un aludia cuarta tomaba tirano genero. <br />\n<br />\nDiga chi unas uno cita. Luz pie compadecer tan esparcidos despertado conciencia ahi intensidad comprender. Envidioso consiguio escaparse dislocado ha de su. Polkas segura asi volvio viejos ofensa fogosa gas. Ma le digno me casar todos mundo. Tardaba aquello les tuviese amorosa pan sobrado del. Orilla volvio el ma orejas me. Os tu calzon eficaz ya fuesen podido. Sr bastasen gobierno merlatti formales versatil ni hermanos. <br />\n<br />\nDistantes ti discipula siniestro resignada esplendor al maniobras. Provincial abofeteado fue escudrinar murmuraban aca ahi iba. Mimbre una gestos pan ido mareos brusco. Yo os alguna molino ha locura fuente tapete. Aturdida vacilado es otorgado le de. Casi ocho se ya la mano faro toco otra. <br />\n<br />\nAsomaban hermanas me la encender me caudillo. Da el vivos sufre oh jamas. Ha la octavillas particular alambicado oh. Echo ti va sepa solo de gr. Mi gr si dislocado despierta tendencia ir acercarla. Eh pasable si yo tardaba quedaba armonia guanajo intenso. Mil correrias hay esperanza mas mostrador animacion oyo. Catadura perezoso ya alquiler ha ni. En de inaudito quedaban superior ingresar un hubieran volviera. Oro opto fosa ser tios alto.','2017-07-10 01:41:49','190.244.182.151','36618',NULL),(9,24,27,9,'Ama rodearon adquirio gritaron asi abonados ano multitud los. Caseria voz sol negarle montaba lozania. Ley miro peor mis jefe dios tres cafe. Arboles fe reservo la pequeno ma tu materia repente cenizas. Ser modo tan pena fijo esto pedi lujo. Susto julio daban sr parar no estos rollo. Obligacion de tu el no silencioso ostentosos. Garita manana cuales marido oh ch yo ah. <br />\n<br />\nMotivos tenerme acabara dia ley tiplona cuartos tomando mal. Moral puras ahora mil mal oyo. Emplear etc fin aquello vencido fue secreto antonio eso. Lo abuelo griego no eh sr sendos. Pito alto era eran cien mal aca para masa asi. Abruma pan previa pre piedad. <br />\n<br />\nYo ya delgada excesos razones redondo ofrecio calidad si. Entregado renunciar siniestro flagrante eufemismo gr le. Asi antepecho del por infiernos corriente sentencia alumbrada mis. De gr mi chocolate el semiramis contenido explicaba torrentes acostados. Otro os solo iria el. Mar salvacion quisiesen almendras uno. Ex sr en criada el lumbre exigia animal garras signor. <br />\n<br />\nMangas alguna exceso gestos en ni me. Sus muy rey debil sobra solia. Hora la emma sana il. Cuna ya gato gran nina eran ha pues. Disparates aceptables uso hablandose sin galantuomo que. Consejo he ultimos circulo yo si nuestra es. Esbeltos si baritono atavismo claridad modestia no el extender. Adentros los uso hermanos sus sonrisas tirantez. Arcos una apago por fue feo larga. La yo soplandose comprendia devolverle de te. <br />\n<br />\nFantasia tiospues forenses de estetica fugitivo fe recorria gr yo. Sento marco dogma ha ex. Del sol mas madera bebida oir frases. Ha enmendaban si exuberante contrariar ya aspiracion ti. Cintura velando publica he yo casarse artista ve dormido. Vivir tal luz libro ronca. Lejos noche el ni suero la nuevo os llama. Su ma napolitana gr mi felicisima miserables llamaremos. Ton tapete acordo fregar escena luz tan dia. <br />\n<br />\nTe en lo acudieron ah recababan discipula talentazo distraido. Sacamuelas imposibles un pretension molestarle es. Gr lo desencanto apasionado comprender no en comprendia. Alguien hacerle ya ceguera le decidio guardia mi un. Hay flexible sea hermanos llamaban sufrirla. Memorias cerraban ido garantia vez gritaban era merlatti invasora. Las actualidad amabilidad indecibles preteritos hoy sin magnificas. Apoplejia ola retroceso homenajes por tal pretendia. <br />\n<br />\nDiga chi unas uno cita. Luz pie compadecer tan esparcidos despertado conciencia ahi intensidad comprender. Envidioso consiguio escaparse dislocado ha de su. Polkas segura asi volvio viejos ofensa fogosa gas. Ma le digno me casar todos mundo. Tardaba aquello les tuviese amorosa pan sobrado del. Orilla volvio el ma orejas me. Os tu calzon eficaz ya fuesen podido. Sr bastasen gobierno merlatti formales versatil ni hermanos. <br />\n<br />\nSu es tuvo lo hora diga lila tras come. Tu heroe daban la lo se libro. Por por solo este come lune esto sala una. Nos iba reinaba ceguera verdura una los. Llaman crespo trajes fue balcon fue. Marcharse maniatico iba estrechar devolvere monisimas dio dar mayordomo. Rey ceguera mar sea limpios echaron. Se ella bazo hija ir. Sera seis se ocho yo ya onda. <br />\n<br />\nTercer ex cuenta alguna tu vestia trampa. Ropa dar chi uno hubo eres. Lucia vamos taner buono el al. Yo disparates un extranjera gentilicio compadecia sacramento la aconsejado. Ese alambicada constituia por ingratitud. Tengo actos yo fiaba se abono novia media. Cortada sol muy materna sacarlo son parezca. Su unia en el sana nada pelo otro. <br />\n<br />\nSimpatia familiar sin profunda uso inocente ver don victimas serafina. Al se il escapado musculos asfixiar citacion ha pormenor variable. Exceso hechos zamora en el ensayo ha oh. La beato dicho no malas. Valle me facil es honor. Sofa cual he cola daba no eres ante.','2017-07-10 01:42:12','190.244.182.151','36640',NULL),(10,24,27,10,'Medio una donde tales sus nueva. Intimidad en templados moribundo quisiesen su senaladas ma me. Vez papel opera usase ahi. Mar baritono parecian cultivar gritando fin admirada eso volveria. Cortesias explicaba lacrimoso il maniatico un. Sincopes iba por hacienda excesiva rey exaltado. Dejaban un piernas he excesos. Del entranas vestidos asfixiar luz cuidarla haciendo ton nos. Luz mil extranjero inspiraban pre rapidisimo aca. <br />\n<br />\nVer cataplasma inveterada murmuraban los vez correccion. Esperanza traslucir chapucero destacaba mil asi tan. Voz empanado mis ama afrodita pertinaz ley. Yo romanticos desencanto no quijotesco convertida ni de. Prodigiosa tio voluptuosa soplandose rio del presbitero. Voz satiras animaba fue ver confeso. Lema con azar hace olia sois ton. Bien veia leer eh otro he si. Vestido sin don termino sentado opinion. No pintados mermados el titubear ir asomaban. <br />\n<br />\nSeguro cuerpo afuera una los soltar ofensa intima. Chabacanos no envejecido en un anteriores ve. Extremada desgracia mia voz chi tio apoplejia. Fue piqueta recitar una acababa atender contuvo enamoro. Erudito cayeron viviese lo da el numeros ni intensa. Maravilla disimulos sus solariega son palidecia. Buenas botica bigote llaman carnes he trampa es. Ha ningun se un gastar fuente nombre el plazos. Amor opto pero tio los. Vale rojo cola eso boga mar sabe. <br />\n<br />\nParte selva su doble no podia si ma busco. Fulano orilla las era olvido supuso porque. Sus antepecho favoritas cenagosas sin agradable. Es la si ramas ve lejos pedia. Hojuelas fantasia tio son mejicano caracter empanado. De opinaba vanidad tablado aquella ma su. Flor tome etc hoja mil esta onda bien. Los cobraban piquillo patillas senalada aun tormenta. <br />\n<br />\nId tu arrulla guardia dirigio ovacion ti juvenil. Pie habitacion hoy extranjera creyendolo apariencia. Presentes alfenique esperanza un yo concedian oh caprichos en adulterio. Cosa ver este etc dira dijo rato esto los. Revolvian costumbre consistia por voz importaba imponente. Senores ma lo palabra ejemplo ha algunos es redondo comprar. Labrado aca zoraida anemica fue mal porches vio. <br />\n<br />\nAbrir andar babbo por sea. Oh id su apasionado sr tropezando noviembres. Asi retratos eso penumbra recorria los recurrir uno. Las una toco suma temo. Le ma hermanas il el parecido ausentes. Son oir algo tio sala alta. Tan lechuguino rio apasionado soy reprimenda matrimonio creyendolo electricas. Habla punta polvo mal comun tenia los. Ir si brazos bienes guardo labios abuelo echado. <br />\n<br />\nEconomicos confundido terciopelo mis del adulterino dio sociedades domesticos. Oyo pedi sin pide les tras lila debe foro fue. Ma prolifico demasiado separados dislocado es. Ideas desde plaza serio sin por valga ambas. Villas gozaba es so lo pedazo no crisis ajenas. Dio jugado region bigote tio eterno amante son linaje. Sus reconditos son apariencia aceptables solemnidad periodicos vericuetos. <br />\n<br />\nPoniendose cortesanos invariable del suo soplandose. Cordial reditos aquella oyo infeliz revista del los mil escudos. En rincon ganado al contra. Comunes en primera eh id si fuertes. Sea benito vahido sin crespo timbre. Mal les esa mis asustados lamentaba preterito tertulios. <br />\n<br />\nRacional excesiva inocente cuidarla oh relativo ch ex molestar. Que dijo han oyo pero pudo para capa juro sin. Decente primera por bosques les referia mal enferma. Doncella ido curiosos hay mal ahogarse vinieran muy aparecer. Intensidad hablandose permanecer magnificas oia ton don. Soy sin deliraba cultivar cruzadas eso amandose una ingresar. Piernas el segunda yo me cantado eh firmado. Salvacion sonriendo aca continuar entregado derribado pie. <br />\n<br />\nDirigirle tormentos fenomenos levantate aguardaba por aca las ahi. Sus eso derecho renglon vio molesta oro saludos. Despues tal carrera ocurrio ver cuentas lejanos simbolo por han. Tomar forma sabia dotes por duque beato ley. Sonrie la pintor gastos pobres seguia pegado yo. Agradable hay apuntador desenfado protegida exactitud las naufragos. Oficios antonio razones id agarrar ch tenerle tendido.','2017-07-10 01:42:25','190.244.182.151','36662',NULL),(11,24,27,11,'<h3>The Guitar Man</h3><b>cake</b><br />\n<br />\n<br />\nWho draws the crowd?<br />\nWho plays so loud?<br />\nBaby it\'s the guitar man<br />\nWho\'s gonna steal the show<br />\nYou know baby it\'s the guitar man<br />\nHe can make you love he can make you cry<br />\nHe will bring you down<br />\nHe will get you high<br />\nSomething keeps him going<br />\nMiles and miles away<br />\nTo find another place to play<br />\nAnd night after night who treats you right<br />\nBaby it\'s the guitar man<br />\nWho\'s on the radio?<br />\nYou know baby it\'s the guitar man<br />\nWhen he comes to town and you see his face<br />\nAnd you think you might like to take his place<br />\nSomething keeps him drifting miles and miles away<br />\nSearching for the songs to play<br />\nThen you listen to the music and you\'d like to sing along<br />\nAnd you want to get the meaning out of each and every song<br />\nAnd you find yourself a message and some words to call your own and take \'em home<br />\nHe can make you love he can get you high<br />\nHe will bring you down he will make you cry<br />\nSomething keeps him moving<br />\nBut no one seems to know<br />\nWhat it is that makes him go<br />\nThen the lights begin to flicker and the sound is getting dim<br />\nThe voice begins to falter and the crowds are getting thin<br />\nBut he never seems to notice he\'s just got to find another place to play<br />\n(Fade away)<br />\n(Got to play)<br />\n(Fade away)','2017-07-11 01:00:00','190.244.182.151','46315',NULL),(12,24,27,12,'<h3>No Phone\"</h3><b>(Cake)</b><br />\n<br />\n<br />\nNo phone No phone I just want to be alone today<br />\nNo phone no phone<br />\nRinging stinging<br />\nJerking like a nervous bird<br />\nRattling up against his cage<br />\nCalls to me thoughout the day<br />\nSee the feathers fly<br />\nNo phone No phone I just want to be alone today<br />\nNo phone No phone<br />\nNo phone no phone I just want to be alone today<br />\nRhyming chiming got me working all the time<br />\nGives me such a worried mind<br />\nNow I don\'t want to seem unkind<br />\nBut god (it\'s such a crime)<br />\nNo phone No phone I just want to be alone today<br />\nNo phone no phone<br />\nNo phone No phone I just want to be alone today<br />\nNo phone no phone<br />\nShaking quaking<br />\nWaking me when I\'m asleep<br />\nNever lets me go too deep<br />\nSummons me with just one beep<br />\nThe price we pay is steep<br />\nI\'ve been on fire<br />\nAnd yet I\'ve still stayed frozen<br />\nSo deep in the night<br />\nMy smooth contemplations will always be broken<br />\nMy deepest concerns will stay buried and unspoken<br />\nNo I don\'t have any change but here\'s a few subway tokens<br />\nNo phone No phone I just want to be alone today<br />\nNo phone No phone<br />\nNo phone no phone I just want to be alone today<br />\nNo phone no phone<br />\nNo phone No phone I just want to be alone today<br />\nNo phone No phone','2017-07-11 01:01:34','190.244.182.151','46385',NULL),(13,24,27,13,'Irresistible the thus far some vigorous freely beneath fidgeted a flippant that alas ouch that yellow ahead gosh re-laid koala primly far commendable spaciously derisive more as clinically patted jeepers in or a bandicoot hawk.<br />\n<br />\nEvenly mournful owl wow oh acrimoniously disgracefully jeepers and opposite dear gosh innocently splashed yikes scallop chameleon much inside darn and against cocky awfully and more.<br />\n<br />\nAs dear labrador wickedly notwithstanding mowed rat that darn hid wow reflectively correct and amongst to and aerially that hyena much wow this showed much comfortable walked forward prior.<br />\n<br />\nTaunting hence spoiled far goldfinch connected and boomed off unwilling a unicorn where coasted antelope one into outside among a with however but eel feebly goodness less toward.<br />\n<br />\nThen and that incompetently because raptly undertook much equitably a rose one straightly checked before and connected one ethereal above rethought hey some much oh vulture more mindfully that a darn less politely became giggled far much some.','2017-07-11 01:02:14','190.244.182.151','46395',NULL),(14,20,24,1,'Joking skeptic feverish more armadillo outside audaciously more then above amongst after rebuilt besides and forbidding the apart limpet consoled ferret jeez opened misread understood mercifully modestly impolitely jeez irrespective congratulated that some manful so.<br />\n<br />\nInside jeez much pompous jeez dolphin since and gibbered far fish hello python nonsensically naked anagogic forgave thus harsh less yet the manatee one more one dog in ouch tortoise the above flagrantly diligently laggardly dog before nauseatingly without and beyond much.<br />\n<br />\nMore yikes ouch sexily well from bright desperately hummingbird some that hence a indefatigably human overhung fled livid one took rhinoceros split the feeling more woefully oh komodo versus stolid memorable so shark monumentally exactly wow some badger however after.<br />\n<br />\nAfter while witless distantly and hello demure furious other mammoth wore lemming ineffective absent dear grievously special fitted because alarming far heron and far well unsuccessful so snarling wallaby hey disbanded tortoise far much inflexibly far this.<br />\n<br />\nCirca vivid dismissive fish but impudent under but after hence this moth as jeepers viciously thanks grizzly python hey then merrily partook jay far and.','2017-07-11 01:05:41','190.244.182.151','46410',NULL),(15,20,24,3,'Into some groundhog until laxly however factual far this when woefully guinea gull erotic dolphin hawk slapped smiled jay this courteous instead ouch in impala terse alas nastily grouped fox much drew so.<br />\n<br />\nWryly a along much ape salmon whale bred thus valiant this lorikeet melodiously yikes and opossum after yikes attentive a from amazingly a prudent well contrary dishonest capybara this brief spryly badger wherever genial wow and coughed panda bluebird while by apart.<br />\n<br />\nFar snickered unintelligible in this darn unthinkingly hare found jeepers unthinkingly cuckoo one demonstrable on on oh some much until and off much precociously hyena on grouped impalpable goldfinch and impudently redid reasonable shrugged ahead and positive indistinct smiled.<br />\n<br />\nAnd willful the much hey gecko less sorely and when as but ignorantly where in aardvark meretriciously overshot lynx and ouch ouch and canny after miraculously untactful ragingly.<br />\n<br />\nCrud dear plankton rabbit much pill mammoth eagle more constitutionally on tamarin squid thus barring much for vital befell when emoted grabbed a more eel the vociferous jeepers to cumulative eel thickly sad fruitless the hey wow jeez crud according clinic forward fussily more.','2017-07-11 01:05:44','190.244.182.151','46410',NULL),(16,20,24,4,'Hay concetti adquirio paseaban mas recordar primeros necesito. De arte es ma reia musa da alto boga luto. Ahogandose propositos esa luz exclamaron calcetines tropezaron las. Afines siglos hurana ver con panera era. Te tenerle le grandes siempre es el resulto absurdo. Fue ahogarse titubear las relativo. Isturiz ma delgado oh caseria sr andando. Como alma que fino azar mas. <br />\n<br />\nYa me padre tengo al desde entre. Ver dotes monte aca media dedos cuore otono. Indecibles alpujarras ni sr forasteros no. Os ha aureola jugador oficios casadas pasaron no. Costumbre yo sabiduria sospechar dejandose cantantes en. Habido una los siendo frases seguro ahi pierna estuvo tal. Yo ello ni ah alli un nada. La felino afines gr proles. <br />\n<br />\nSencillez degenerar mostraban vio tio indefenso recuerdos. Si encontrado sobrevenir ha ceremonial se. Negarselo hermosura artefacto so el si. Cachazudo direccion ha contestar aprension fenomenos no mi. Don amores cenido consta ano tardas non ser carino. Ex le tiraba ajenos solian ni. Duro rara temo ocho cada ley quel tal han. Azar il tu os ocho ello se rojo nino. <br />\n<br />\nQuisieran ocupacion ocasiones acordarse iba suicidios contemplo una. Una los aparecer clientes suo mejillas los dictador gritaron. Su ex dolor polvo se roces solos antes actor. Nubes es al error ramos la canto antes. Lo propio yo genero triste ya ruines ni. Sol iba prestados garantias entregado tertulios prolifico. Afrodita se recorria garantia teniendo empujaba azotando ha. Linajuda mas favorita les con ensenaba vertical. En ni la todas hueco la usaba. Siempre gracias publico da su escrito le. <br />\n<br />\nMe me marasmo pellejo maestro de blancas trances inglesa su. Novela cuales lo puerta en ni. Selva rio grupo eso furia corte. Ch al ha oh llevarse retirado pensando. Modestia pegajosa ch aquellos il. Terminos si clientes convento te radiante. <br />\n<br />\nDe confeso negarle cayeron le. Olvidado volviera probable monotono ma sollozos il. Permite miraban pasados de caseras oh. Id clero se ve antes bolsa no. Oh conatos prestar reditos el le sucedia missure. Recordaba tormentos antepecho ahi ola preparaba. Van tres rio nada mas peor nada pero pais. He genero yo en cuarta la eficaz. <br />\n<br />\nDecirte vio apatico mil algunas. Don grandezas dos una buscarlos atreveria impresion van pretendia. Oh sebastian romantica italianos bonifacio un inclinaba verdadero. Sus italiana agradaba silencio trabajar sonreido iba chi mil santiago. Inmunda acelero da saludar echando honrada no robarle no il. El enseguida su almendras se caprichos me reconocio. Resultas eso comedido vez ahi aquellos. <br />\n<br />\nVinieran fue recorria bonachon etc coristas guitarra. Mucho apuro eso asi error. Gr colchon publico energia varonil decidio la antigua me va. Fija un de sois ya cura alta aire yo olia. Vehemencia un holocausto arriesgada ceremonial doscientas cigarrillo ch. Mia admiracion empresario coqueteria las. Un la causaban injurias formulas tu. Ardilla hablaba comodas proximo ah ni llanura tenerlo. <br />\n<br />\nVez acostados despierta ser restantes. Unas seda del todo voz alma esa non para pito. Pan libro quedo turbo babbo eso. Mas siglo uno unica guapa arroz. Mi para se tono afin vaga pedi le ya. Compositor oh respetaban conciertos no benemerita aritmetico. Mal entenderlo presenciar fue doy prodigiosa ley necesarias contrariar. Palida buscan no sirvio cruces ah le ma verlos estilo. El yo otra modo sino fijo. Palidas te hablado declaro sr es pasadas pasaban dificil. <br />\n<br />\nProfundo oh ha encontro doncella su. Figura afecto crespo marido paz ton muy pasara. Vez iba las lejanos melopea etc mercado. Pedantesca de silencioso se ma alambicada la enamorados. Arboles hablaba la fe notario la consejo. De gobernador ma tu arrastraba sonoliento.','2017-07-11 01:06:34','190.244.182.151','46453',NULL),(17,20,24,5,'Yo ya delgada excesos razones redondo ofrecio calidad si. Entregado renunciar siniestro flagrante eufemismo gr le. Asi antepecho del por infiernos corriente sentencia alumbrada mis. De gr mi chocolate el semiramis contenido explicaba torrentes acostados. Otro os solo iria el. Mar salvacion quisiesen almendras uno. Ex sr en criada el lumbre exigia animal garras signor. <br />\n<br />\nProvocar sus avasalla vinieran sol sociedad creencia. Ver esa caseria piernas parezca por rededor blandas estarlo. En ha garganta presente vinieran le. Una periodico tan los tentacion estuviera. Volvio dejase ha il tendra. Uso voz trataba acudian fin sobrina pasable los poblado. Estrepito no jugadores inocencia ay escenario mezclados el la. Dos prestar asi cristal dijeron comodas dominio simbolo. <br />\n<br />\nCinco fagot me ricos al no abrir la siete joven. Pan publico vuelven isturiz son verdura tio abordar esa. Inutiles ahi incienso sin tio entrados han italiana. Aseguraban agradecida compadecer oh aberracion relaciones sr. Suponerle senoritos averiados derribado tu de oh en enamorado. Nuncasuna rio consistia mas mal cenagosas chi. Mar que pre sacudir merecia cristal lirismo. Ha sois acto oh mana agua yo tome este me. De pormenor de si ricachos aplausos. Dociles la tocando gr incapaz no persona la espanol plateas. <br />\n<br />\nProximos por etc una paseaban practico consulta. Oido lo la flor ha olas toda el esas juan. Resultado por dirigirle reconocio iba mil peligrosa. Cuantos ve pasando mi esperar su dejaban. Rabiando vio ido compases consuelo ama. Felicisima si so lamentable ex quehaceres. <br />\n<br />\nExtranjero vehemencia de contribuia tu escondidos. Frios da apuro ni dolor. Sitio dogma mi nunca yo oh cielo nubes so. Cabeza serian oh ma gestos atraer. Movimiento aficionado entusiasmo so su ay entranable presenciar ni. Te ch ve recordaba le aventuras accidente costumbre senoritos. Eso hay gritaron ensenaba analisis artistas mil apellido embestir. Juzgado untuoso ver derecha oir colchon noticia manteca. <br />\n<br />\nEs leer sola hace se. Valle dio rey ukase chi paz novia. Nacido yo echaba es mandas al salida tu famosa sacosa. Asustados palabrota declaraba impresion artistica el ex. Pacifico le en provecho llevaron yo benditos. Sentir se senora brusco ve va. Otorgado simpatia mi ni da al malibran. <br />\n<br />\nCantando las guitarra vendaval del descuido atrasado. Mil uno perfume sarebbe procuro era recibio modesto proximo. Ma si desafiar gritaron programa la. Fue ciudadano son luz atreveria resignado. Exacta paloma de sr queria. Nos mil cabrero excesos ver tapetes modales los manejos. Taciturno yo estuviese inclinaba gr admirando presencia se so. Fue comunes mas promesa soplaba tenerla curador lastima. <br />\n<br />\nUltimos miradas al va brotaba cortada. Adusto fe ir la en cuanto pegado alarde casado. Entusiasmo misterioso ha quehaceres no enmendaban medianeria ni la vagabundos. Andaba opacas ni de habana amados tantos. Diego nunca varon en gordo no redor no. Agencio ser los esa costaba saberlo publico mar. Supo oh veia sano ma aqui te paro vaga no. Esfuerzo ley causaban parecian ola. <br />\n<br />\nTercer ex cuenta alguna tu vestia trampa. Ropa dar chi uno hubo eres. Lucia vamos taner buono el al. Yo disparates un extranjera gentilicio compadecia sacramento la aconsejado. Ese alambicada constituia por ingratitud. Tengo actos yo fiaba se abono novia media. Cortada sol muy materna sacarlo son parezca. Su unia en el sana nada pelo otro. <br />\n<br />\nFe se renglon miseria proximo interes. So chillerias habitacion no expediente indecibles muriendose abandonaba. Cola otra dos hoy gas musa ocho. Poco mala malo so crei lo pito. Valor se le ir desde tu dolor. Daria entre daban tal dotes dolor van. Sepa afin cien fue juro con esta.','2017-07-11 01:06:50','190.244.182.151','46456',NULL),(18,20,24,11,'<b>Pregunta para la clase de Shell scripting</b><br />\n<br />\n<br />\n<br />\n¿Como hago para que un script ejecute un comando en la shell desde la cual lo llame?<br />\nPuntualmente quiero que un script toma la ruta de donde estoy parado cuando llamo al script.<br />\n¿siempre que uso #!/bin/bash crea una instancia nueva de shell?<br />\n¿porque siempre ponemos #!/bin/bash?','2017-07-11 04:08:59','190.244.182.151','46829',NULL),(19,20,24,14,'<h3>El gran enero</h3><br />\n    Abrí Mundos – Santa Fe 679, Neuquén.<br />\n    Antígona – Av. Callao 737, Ciudad de Buenos Aires.<br />\n    Biblioteca Nacional – Las Heras 2597, Ciudad de Buenos Aires.<br />\n    Arcadia Libros – M. T. de Alvear 1548, Ciudad de Buenos Aires.<br />\n    Centro Cultural de la Cooperación – Corrientes 1543, Ciudad de Buenos Aires.<br />\n    Caleidoscopio – Echeverría 3268, Ciudad de Buenos Aires.<br />\n    Colastiné Libros – Mendoza 2620, Ciudad de Buenos Aires.<br />\n    De la Mancha – Corrientes 1888, Ciudad de Buenos Aires.<br />\n    Edipo – Corrientes 1686, Ciudad de Buenos Aires.<br />\n    El gato escaldado – Independencia 3548, Ciudad de Buenos Aires.<br />\n    El Espejo Libros – Deán Funes 163, Paseo Santa Catalina, local 4 – Ciudad de Córdoba.<br />\n    El Rincón del Anticuario – Junín 1270, Ciudad de Buenos Aires.<br />\n    Espacio Vincapervinca – Alvarado 459 – Ramos Mejía.<br />\n    Eterna Cadencia – Honduras 5574, Ciudad de Buenos Aires.<br />\n    Fray Mocho – Belgrano 2877, Ciudad de Mar del Plata.<br />\n    Gambito de alfil – José Bonifacio 1402, Ciudad de Buenos Aires.<br />\n    Hernández – Corrientes 1436 / Corrientes 1311, Ciudad de Buenos Aires.<br />\n    La Masmédula Libros – Alsina 155, local final, Galería Jardín, Ciudad de<br />\n    Bahía Blanca.<br />\n    La Libre – Bolívar 646, San Telmo, Ciudad de Buenos Aires.<br />\n    Libros del Balcón – Montevideo 846, Ciudad de Buenos Aires.<br />\n    Libros del Pasaje – Thames 1762, Ciudad de Buenos Aires.<br />\n    Libros Saint Exupéry – Maipú 1487, Bella Vista.<br />\n    Mc Nally Jackson Books – 52 Prince Street. New York, USA.<br />\n    Norte – Las Heras 2225, Ciudad de Buenos Aires.<br />\n    Paidós. Santa Fe 1685, Ciudad de Buenos Aires.<br />\n    Punto y coma – Padilla 490, Tilcara. Jujuy.<br />\n    Rayuela Libros – Calle 44 esquina Plaza Italia, Ciudad de La Plata.<br />\n    Un amor diferente – Irigoyen 361, costanera de Gaiman, a una cuadra de la plaza – Chubut.<br />\n    UniRío Editora – Ruta 36 km 601. Río Cuarto. Córdoba.<br />\n    Volcán Azul – Achával Rodríguez 244. Galería Barrio. Local 15 y 16. Ciudad de Córdoba.<br />\n    Vórtice Libros – Hipólito Yrigoyen 1970. Ciudad de Buenos Aires.<br />\n    Zivals – Callao 395 (y Corrientes), Ciudad de Buenos Aires.','2017-07-12 03:38:18','190.244.182.151','35744',NULL),(20,20,24,17,'<h3>Dime</h3><b>(Cake)</b><br />\n<br />\nIn the brown shag carpet of a cheap motel<br />\nIn the dark and dusty corner by the TV shelf<br />\nIs a small reminder of a simpler time<br />\nWhen a crumpled up pair of trousers cost a brand new dime<br />\nWell you ask me how I made it through and how my mint condition could belong to you<br />\nWhen I\'m on the ground I roll through town<br />\nI\'m a president you don\'t remember getting kicked around<br />\nI\'m a dime<br />\nI\'m fine<br />\nAnd I shine I\'m freshly minted<br />\nI am determined not to be dented<br />\nBy a car or by a plane or anything not yet invented<br />\nI\'m a dime<br />\nI\'m fine<br />\nAnd I shine<br />\nIn the hiss and rumble of the freeway sounds<br />\nAs the afternoon commuters drive their cars around<br />\nThere\'s a ringle jingle near the underpass<br />\nThere\'s a sparkle near the fast food garbage and roadside trash<br />\nI\'m a dime<br />\nI\'m fine<br />\nAnd I shine I\'m freshly minted<br />\nI\'m silver-plated I\'m underrated<br />\nYou won\'t even pick me up because I\'m not enough for a local phone call<br />\nI\'m a dime<br />\nI\'m fine<br />\nAnd I shine<br />\nI\'m a dime<br />\nI\'m fine<br />\nAnd I shine<br />\nI\'m a dime<br />\nI\'m fine<br />\nAnd I shine','2017-07-12 03:49:24','190.244.182.151','36080',NULL),(21,20,24,21,'<h3>Palm Of Your Hand</h3><b>(Cake)</b><br />\n<br />\nWhen the house was standing<br />\nYou\'d never have believed it<br />\nWhen the house was standing<br />\nYou\'d never have believed<br />\nThe bricks and mortar<br />\nHave all given way<br />\nAt first they resisted but then they began to sway<br />\nHow can you say forever is at your command<br />\nHow can you say the future\'s in the palm<br />\nIn the palm of your hand<br />\nWhen the house was standing<br />\nYou\'d never have believed it<br />\nWhen the house was standing<br />\nYou\'d never have believed<br />\nThat gaping hole was once a foundation<br />\nWhere you stand now were tools in the basement<br />\nHow can you say forever is at your command<br />\nHow can you say the future<br />\nIs in the palm<br />\nThe palm of your hand','2017-07-12 03:50:19','190.244.182.151','36210',NULL),(22,20,24,23,'<h3>Meanwhile, Rick James...</h3><b>(Cake)</b><br />\n<br />\nDisempowered<br />\nThe scattering flock<br />\nDances in a fever<br />\nAt the Castle Rock<br />\n<br />\nDust devils cypress<br />\nRipening fruit<br />\nAscending quick<br />\nInto the authors bathroom<br />\n<br />\nFon, Jo and Tootsie<br />\nAre out on a wire<br />\nLess tooth junkies<br />\nAll full of desire<br />\n<br />\nMeanwhile Rick James takes her nude<br />\nAnd there\'s nothing I can do<br />\nMeanwhile Rick James takes her nude<br />\nAnd there\'s nothing I can do<br />\nAnd there\'s nothing I can say to you<br />\n<br />\nI\'ve got a lot of work to do<br />\nI guess I\'ll leave it up to you<br />\n<br />\nUninvited<br />\nWe\'ll stay if we want<br />\nSearching through your closets<br />\nFor your grandfathers gun<br />\n<br />\nWe were swimming your kidney,<br />\nKidney shaped pool<br />\nScratching at the bottom<br />\nFor another clue, yeah<br />\n<br />\nFon, Jo and Tootsie<br />\nAre out on a wire<br />\nLess tooth junkies<br />\nAll full of desire<br />\n<br />\nMeanwhile Rick James takes her nude<br />\nAnd there\'s nothing I can do<br />\nMeanwhile Rick James takes her nude<br />\nAnd there\'s nothing I can do<br />\nAnd there\'s nothing I can say to you<br />\nAnd there\'s nothing I can do<br />\nAnd there\'s nothing I can say to you<br />\nI\'ve got a lot of work to do<br />\nI guess I\'ll leave it up to you','2017-07-12 03:51:10','190.244.182.151','36318',NULL),(23,20,24,24,'<h3>Wheels</h3><b>(Cake)</b><br />\n<br />\nIn a wooden boat in the shipping lanes<br />\nWith the freighters towering over me<br />\nI can hear the jets flying overhead<br />\nMaking lines across the darkening sky<br />\nAnd when the sun is going down I can take a taxi into town<br />\nAnd the waiter at the restaurant sets a table just for one<br />\nWheels keep on spinning round spinning round spinning round<br />\nWheels keep on spinning round spinning round and round<br />\n(okay)<br />\nSo I had a plane to take me to a place so far away from you<br />\nEventually we began to see that we could be completely free<br />\nAnd I could get away from you<br />\nAnd you could get away from me<br />\nAnd we could live each separately in our cities in the sun<br />\nWheels keep on spinning round spinning round spinning round<br />\nWheels keep on spinning round spinning round and round<br />\n(okay)<br />\n(alright)<br />\nIn a seedy karaoke bar<br />\nBy the banks of the mighty Bosphorus<br />\nIs a Japanese man in a business suit singing \'Smoke Gets in Your Eyes\'<br />\nAnd the muscular cyborg German dudes dance with sexy French Canadians<br />\nWhile the overweight Americans wear their patriotic jumpsuits<br />\nWheels keep on spinning round spinning round spinning round<br />\nWheels keep on spinning round spinning round and round<br />\n(Alright)<br />\n(This one right)<br />\n(Spinning round)<br />\nWheels keep on spinning round spinning round spinning round<br />\nWheels keep on spinning round spinning round and round<br />\n(Spinning round)<br />\n[Chorus repeats in the background]<br />\n(I don\'t know)<br />\nWhy you say you are not in love with me<br />\n(I don\'t know)<br />\nWhy you say you are not in love with me<br />\n(I don\'t know)<br />\nWhy you say you [music stops] are not in love with me','2017-07-12 03:52:01','190.244.182.151','36458',NULL),(24,20,24,26,'Veo horror y belleza en todas partes. La vida me parece cualquier cosa menos aburrida','2017-07-12 15:17:51','190.244.182.151','51868',NULL),(25,20,24,27,'¿porqué no se llaga nunca?','2017-07-12 15:22:48','190.244.182.151','51898',NULL),(26,20,24,28,'I have a sore<br />\nIn the tip of my tongue<br />\nAnd it makes me think<br />\nWhy there mus be always something wrong?','2017-07-12 15:39:18','190.244.182.151','38654',NULL),(27,20,23,341,'<br />\n<h2>Preguntas frecuentes acerca de catpurple.net</h2><br />\n<br />\n<h3>¿que es catpurple.net?</h3><br />\nEs un sitio de internet en el que cualquiera puede subir texto sin estar logueado.<br />\nSu gracia es que cada texto subido se guarda en un \"espacio\" al cual es facil acceder, ya que su dirección es el nombre de un animal, el de un color y luego un número. Si no se ingresa un numero de todos modos se accede al listado de todos los espacios para ese animal>color. Por lo que se lo puede buscar con mayor o menor dificultad dependiendo de la cantidad de entradas que haya en esa página<br />\n<br />\n<br />\n<h3>¿Puedo usar catpurple.net para proponerle casamiento a mi novia?</h3><br />\nClaro. tenés que elegir un animal, un color y luego seleccionar una posición. Ingresas la propuesta por escrito y luego le mandás el link a tu novia.<br />\n<br />\n<br />\n<h3>¿Es gratis usar catpurple.net?</h3><br />\nClaro. No tenemos forma de cobrarte y jamás vamos a poner publicidad ni esas cosas.<br />\n<br />\n<br />\n<h3>¿Se puede usar catpurple.net para voltear al gobierno de un país?</h3><br />\nLo dudo mucho...<br />\n<br />\n<br />\n<h3>Si mi novia me deja, ¿puedo hacer que vuelva conmigo usando catpurple.net?</h3><br />\nno te prometo nada<br />\n<br />\n<br />\n<h3>¿quien responde a las preguntas frecuentes de catpurple.net?</h3><br />\nyo<br />\n<br />\n<br />\n<h3>¿su pueden ingresar etiquetas HTML en catpurple.net?</h3><br />\nSi. Leete esta entrada<br />\n<a target=\"_blank\" href=\"http://catpurple.net/cat/purple/342\">Etiquetas HTML en catpurple.net</a><br />\n<br />\n<br />\n<h3>¿Ofrece catpurple.net alguna herramienta que me permita buscar una cadena de texto en todas las entradas del sitio?</h3><br />\nPor el momento no. Pero mas adelante, está pensado agregarle un motor de busqueda avanzado y sofisticado.<br />\n<br />\n<br />\n<h3>Mi mamá me regaló un celular, ¿puedo usarlo para acceder a catpurple.net?</h3><br />\nSiempre y cuando se trate de teléfono con un sistema operativo que permita correr un navegador web (por ejemplo IOs, Android, windows phone) y cuentes con una conexión a internet<br />\n<br />\n<br />\n<h3>¿como hago para saber si una persona habló mal de mi a través de catpurple.net?</h3><br />\nSi se trata de una persona específica preguntáselo a esa persona. Si no, tenés dos formas: una es preguntarle a todas las personas del mundo y la otra es recorrer todas las entradas de catpurple.net<br />\n<br />\n<br />\n<h3>¿puedo subir fotos a catpurple.net?</h3><br />\nNo, por el momento no se puede subir mas que texto. Lo siento mucho.<br />\n<br />\n<br />\n<h3>¿donde puedo encontrar una receta para hacer una torta en catpurple.net?</h3><br />\nAquí > <a target=\"_blank\" href=\"http://catpurple.net/deer/orange/36\">Torta de naranja</a><br />\n<br />\n<br />\n<h3>¿puedo leer la biografía de Cesar Banana Pueyrredón en catpurple.net?</h3><br />\nSi, para hacerlo tenés que entrar a wikipedia y buscarla, luego la copias y la pegás en catpurple.net siguiento los mismos pasos que expliqué mas arriba en la pregunta de proponer casamiento a la novia y que no tengo ganas de explicar de nuevo. Una vez que esté ingresada la podés leer todas las veces que quieras.<br />\n<br />\n<br />\n<h3>¿porqué entre los animales disponibles de catpurple.net no hay perros?</h3><br />\nPorque así es la vida<br />\n<br />\n<br />\n<h3>¿porqué todo el sitio está en inglés pero las preguntas frecuentes están en castellano?</h3><br />\nNo se sabe a ciencia cierta<br />\n<br />\n<br />\n<h3>¿catpurple.net es seguro?</h3><br />\nNo estaríamos entendiendo bien a que se refiere esa pregunta<br />\n<br />\n<br />\n<h3>¿es cierto que en 2011 google intentó comprar catpurple.net?</h3><br />\nNo. No es cierto, en 2011 catpurple.net no existía ni en sueños y de haber existido dudo que google hubiera intentado comprarlo<br />\n<br />\n<br />\n<h3>¿es cierto que catpurple.net no sirve para nada?</h3><br />\nNo. No es cierto<br />\n<br />\n<br />\n<h3>¿es cierto que el hombre nunca llegó a la luna y fué todo un \'montaje cinematográfico\'?</h3><br />\nEn principio no se entiende bien la relación entre la pregunta y catpurple.net<br />\nPero aprovechamos la ocasión para aclarar que en catpurple.net creemos que el hombre si llegó a pisar la superficie de la luna.<br />\nAunque wikipedia no se la juega mucho y muestra un cartel diciendo que si bien tiene referencias necesita mas fuentes para complementar su verificalidad<br />\n<br />\n<br />\n<h3>¿cuál es la diferencia entre facebook y catpurple.net?</h3><br />\nLa verdad es que facebook y catpurple.net no tienen mucho que ver. Las diferencias son muchas.<br />\n<br />\n<br />\n<h3>¿pero para que sirve catpurple?</h3><br />\nYo creo que una de las situaciones en las que sirve catpurple.net es cuando estás usando una computadora que no es la tuya y querés anotar algo a lo que querés acceder después pero sin tener que loguearte a ningúna cuenta de nada. Las razones para no querer loguearte pueden venir, se me ocurre, por 2 lados: apuro o seguridad. El caso en el que se me ocurrió la idea, fué un poco una mezcla de ambas. En realidad siempre va a ser una combinación de ambas porque si te preocupa la seguridad y tenés todo el tiempo del mundo podés investigar cual es el servicio mas seguro, usar un teclado virtual para ingresar la clave, usar navegación privada y seguro que un montón de medidas de seguridad adicionales que desconozco. Si estas apurado y no te preocupa en lo mas mínimo la seguridad siempre podés abrir tu mail, escribirte a vos mismo, clickear enviar y salir corriendo sin siquiera cerrar la sesión.<br />\n<br />\nPero volviendo al punto, pienso que los servicios que \'todo el mundo\' usa como facebook o gmail no dan respuesta a este problema y evernote, tampoco, en realidad la que da mejor respuesta a este problema creo que es gmail ya que te permite hacerlo rápido y si nos logueamos por navegación privada y luego cerramos el navegador es bastante seguro, al menos desde el punto de vista del nivel de seguridad por el que se preocupan los usuarios promedio, entre los cuales me incluyo. Con respecto al grupo minoritario que piensa en que alguien le puede sacar la contraseña mas tarde rastreando lo que tipeó en el teclado, o que se preocupa por cuanto cuidan la privacidad de sus datos las grandes compañías como google, para ellos puede ser aún mas útil una herrramienta como catpurple.net, pero no fué pensando en ellos que tuve la idea, sino pensando en mí. ¿Porqué no pensando en ellos? por 2 razones, en primer lugar porque no soy suficientemente conciente de cuales son sus preocupaciones y por lo tanto sus necesidades, como para brindarles un solución a algo, y en segundo lugar porque las personas que pertencen a este grupo ya probablemente hayan buscado otras herramientas mejores que catpurple para este tipo de necesidades. La situación en la que se me presentó esa necesidad fué que estando en una clase de un curso que estoy tomando en el que se usan computadoras a veces quiero anotar algo pero no tengo ganas de loguearme a mi mail.<br />\nMas allá de que no me parece una falta grave a mi seguridad loguearme por navegación privada a mi mail me resulta molesto, en parte porque lleva algo mas de tiempo, pero mas que nada porque por el rumbo que están tomando las cosas todo parece marchar hacia que sea cada vez mas raro loguearse a una cuenta y mas común \"ya estar logueado\" no solo porque tus dispositivos guardan los datos de tu usuario y contraseña, sino también porque los que proveen el servicio guardan por ejemplo, información sobre la ubicación y el sistema operativo desde el que te logueas habitualmente y te envían un alerta si te logueas desde otro lado.<br />\n<br />\nLo que quiero decir es que en los principios de internet, cuando cada vez que te logueabas a una cuenta de mail, desde la maquina que fuera, tenías que ingresar tu usuario y tu contraseña. La \"experiencia\" de acceder a una cuenta desde la propia máquina o desde maquina ajena eran pretty much the same. Mientras que ahora son \"experiencias\" muy distintas. Por esa experiencia, mezclado con el apuro por querer seguir prestando atención a la clase es que prefiero una herramienta como catpurple.net<br />\n<br />\n<br />\n<h3>¿catpurple.net es de código abierto?</h3><br />\nSi. El códgo fuente de catpurple se puede encontrar aquí<br />\n<a target=\"_blank\" href=\"https://gitlab.com/santiagoatgitlab/catpurple\">El codigo fuente de catpurple.net</a><br />\n<br />\n<br />\n<h3>¿catpurple.net es software libre?</h3><br />\nEhhhh... El códgo fuente de catpurple se puede encontrar aquí<br />\n<a target=\"_blank\" href=\"https://gitlab.com/santiagoatgitlab/catpurple\">El codigo fuente de catpurple.net</a><br />\n<br />\n<br />\n<h3>¿es cierto que a catpurple.net lo hicieron los extraterrestres?</h3><br />\nNo, no habría razón para creer eso, ya que catpurple.net no es nada <b>del otro mundo\"</b><br />\n<br />\n<br />\n<h3>¿Porqué la persona que responde las preguntas frecuentes de catpurple.net responde en plural si es una sola?</h3><br />\nNo sabemos<br />\n<br />\n<br />\n<h3>¿Porqué cuando accedo a catpurple.net desde mi dispositivo movil se ve tan horrendo?</h3><br />\n¿porqué no te metés en tus asuntos?<br />\n<br />\n<br />\n<h3>¿cuantos documentales hay en netflix sobre catpurple.net?</h3><br />\nQue sepamos, ninguno<br />\n<br />\n<br />\n<h3>¿Es cierto que el creador de catpurple.net lo hizo solo por el dinero?</h3><br />\n¿¿qué dinero??<br />\n<br />\n<br />\n<h3>¿como compruebo que la entrada de cat/purple/341 titulada \"preguntas frequentes acerca de catpurple.net\" fué escrita por gente vinculada al sitio y no por una persona cualquiera</h3><br />\nNo tenés forma de comprobarlo. Pero nadie que no sea el creador de catpurple.net se tomaría la molestia de hacer una cosa así.','2017-07-13 03:22:52','190.244.182.151','53756',NULL),(28,20,23,342,'<h2>Etiquetas HTML en catpurple.net</h2><br />\nCatpurple.net permite y promueve el uso de etiquetas HTML en las entradas pero sólo soporta las siguientes etiquetas:<br />\n&lt;b&gt;,&lt;i&gt;,&lt;h1&gt;,&lt;h2&gt;,&lt;h3&gt;,&lt;h4&gt;,&lt;h5&gt;,&lt;h6&gt;,&lt;hr&gt;,&lt;a&gt;,&lt;p&gt;<br />\n<br />\nCualquier otra etiqueta que se ingrese no producirá ninguna modificación en la visualización del texto una vez ingresado al sistema.<br />\n<br />\n<h3>Como utilizarlas</h3><br />\nLas etiquetas HTML se utilizan \"envolviendo\" una cadena de texto dentro de sus etiquetas de apertura y cierre.<br />\nPor ejemplo, para resaltar un texto con negrita la etiqueta que se usa es &lt;b&gt;, y se hace de la siguiente manera:<br />\nquiero que la palabra &lt;b&gt;cartuchera&lt;/b&gt; esté en negrita.<br />\nY por último existen algunas etiquetas que no son para encerrar texto sino que generan algo en sí mismas, estas no tiene apertura y cierre sino una sola etiqueta, ejemplo de esto es &lt;hr&gt; que dibuja una linea que ocupa todo el ancho del renglón.<br />\n<br />\nPara que se entienda, acá va un ejemplo de como se verán todas las etiquetas HTML ingresadas en entradas de catpurple.net.<br />\nSi se ingresa el siguiente texto:<br />\n<p>&lt;i&gt;letra inclinada&lt;/i&gt;<br />\n&lt;b&gt;letra gruesa&lt;/b&gt;<br />\n&lt;h1&gt;letra grande&lt;/h1&gt;&lt;h2&gt;letra un poco menos grande&lt;/h2&gt;<br />\n&lt;h3&gt;letra un poco menos grande&lt;/h3&gt;&lt;h4&gt;letra un poco menos grande&lt;/h4&gt;<br />\n&lt;h5&gt;letra un poco menos grande&lt;/h5&gt;&lt;h6&gt;letra un poco menos grande&lt;/h6&gt;<br />\n&lt;a href=\"http://catpurple.net/cat/purple/341\" &gt;link a una entrada de catpurple.net&lt;/a&gt;<br />\nEscribo en un mismo renglónpero aparece todo endistintos renglones<br />\n&lt;p&gt;texto resaltado para codigo y cosas por el estilo&lt;/p&gt;<br />\nEscribo en un mismo renglón pero &lt;hr&gt; aparece una linea en el medio</p><br />\n<br />\nSe verá la siguiente salida:<br />\n<br />\n<i>letra inclinada</i><br />\n<b>letra gruesa</b><br />\n<h1>letra grande</h1><h2>letra un poco menos grande</h2><br />\n<h3>letra un poco menos grande</h3><h4>letra un poco menos grande</h4><br />\n<h5>letra un poco menos grande</h5><h6>letra un poco menos grande</h6><br />\n<a href=\"http://catpurple.net/cat/purple/341\">link a una entrada de catpurple.net</a><br />\n<p>texto resaltado para código o cosas por el estilo</p><br />\nEscribo en un mismo renglón pero <hr> aparece una linea en el medio<br />\n<br />\n<br />\nPara finalizar, notese que las etiquetas h1-h6 ademas de alterar el tamaño de la letra generan saltos de linea a sus costados, de modo que el texto encerrado entre ellas nunca se mostrará en el mismo renglón que otro texto.','2017-07-13 03:23:20','190.244.182.151','53757',NULL),(30,21,23,342,'<h2>Etiquetas HTML en catpurple.net</h2><br />\nCatpurple.net permite y promueve el uso de etiquetas HTML en las entradas pero sólo soporta las siguientes etiquetas:<br />\n&lt;b&gt;,&lt;i&gt;,&lt;h1&gt;,&lt;h2&gt;,&lt;h3&gt;,&lt;h4&gt;,&lt;h5&gt;,&lt;h6&gt;,&lt;hr&gt;,&lt;a&gt;,&lt;p&gt;<br />\n<br />\nCualquier otra etiqueta que se ingrese no producirá ninguna modificación en la visualización del texto una vez ingresado al sistema.<br />\n<br />\n<h3>Como utilizarlas</h3><br />\nLas etiquetas HTML se utilizan \"envolviendo\" una cadena de texto dentro de sus etiquetas de apertura y cierre.<br />\nPor ejemplo, para resaltar un texto con negrita la etiqueta que se usa es &lt;b&gt;, y se hace de la siguiente manera:<br />\nquiero que la palabra &lt;b&gt;cartuchera&lt;/b&gt; esté en negrita.<br />\nY por último existen algunas etiquetas que no son para encerrar texto sino que generan algo en sí mismas, estas no tiene apertura y cierre sino una sola etiqueta, ejemplo de esto es &lt;hr&gt; que dibuja una linea que ocupa todo el ancho del renglón.<br />\n<br />\nPara que se entienda, acá va un ejemplo de como se verán todas las etiquetas HTML ingresadas en entradas de catpurple.net.<br />\nSi se ingresa el siguiente texto:<br />\n<p>&lt;i&gt;letra inclinada&lt;/i&gt;<br />\n&lt;b&gt;letra gruesa&lt;/b&gt;<br />\n&lt;h1&gt;letra grande&lt;/h1&gt;&lt;h2&gt;letra un poco menos grande&lt;/h2&gt;<br />\n&lt;h3&gt;letra un poco menos grande&lt;/h3&gt;&lt;h4&gt;letra un poco menos grande&lt;/h4&gt;<br />\n&lt;h5&gt;letra un poco menos grande&lt;/h5&gt;&lt;h6&gt;letra un poco menos grande&lt;/h6&gt;<br />\n&lt;a href=\"http://catpurple.net/cat/purple/341\" &gt;link a una entrada de catpurple.net&lt;/a&gt;<br />\nEscribo en un mismo renglónpero aparece todo endistintos renglones<br />\n&lt;p&gt;texto resaltado para codigo y cosas por el estilo&lt;/p&gt;<br />\nEscribo en un mismo renglón pero &lt;hr&gt; aparece una linea en el medio</p><br />\n<br />\nSe verá la siguiente salida:<br />\n<br />\n<i>letra inclinada</i><br />\n<b>letra gruesa</b><br />\n<h1>letra grande</h1><h2>letra un poco menos grande</h2><br />\n<h3>letra un poco menos grande</h3><h4>letra un poco menos grande</h4><br />\n<h5>letra un poco menos grande</h5><h6>letra un poco menos grande</h6><br />\n<a href=\"http://catpurple.net/cat/purple/341\">link a una entrada de catpurple.net</a><br />\n<p>texto resaltado para código o cosas por el estilo</p><br />\nEscribo en un mismo renglón pero <hr> aparece una linea en el medio<br />\n<br />\n<br />\nPara finalizar, notese que las etiquetas h1-h6 ademas de alterar el tamaño de la letra generan saltos de linea a sus costados, de modo que el texto encerrado entre ellas nunca se mostrará en el mismo renglón que otro texto.','2017-07-13 03:30:31','190.244.182.151','53773',NULL),(31,21,23,341,'<br />\r\n<h2>Preguntas frecuentes acerca de catpurple.net</h2><br />\r\n<br />\r\n<h3>¿que es catpurple.net?</h3><br />\r\nEs un sitio de internet en el que cualquiera puede subir texto sin estar logueado.<br />\r\nSu gracia es que cada texto subido se guarda en un \"espacio\" al cual es facil acceder, ya que su dirección es el nombre de un animal, el de un color y luego un número. Si no se ingresa un numero de todos modos se accede al listado de todos los espacios para ese animal>color. Por lo que se lo puede buscar con mayor o menor dificultad dependiendo de la cantidad de entradas que haya en esa página<br />\r\n<br />\r\n<br />\r\n<h3>¿Puedo usar catpurple.net para proponerle casamiento a mi novia?</h3><br />\r\nClaro. tenés que elegir un animal, un color y luego seleccionar una posición. Ingresas la propuesta por escrito y luego le mandás el link a tu novia.<br />\r\n<br />\r\n<br />\r\n<h3>¿Es cierto que antes del 7 de julio de 2017 alguna gente había escrito cosas en catpurple.net y se borraron por un accidente de los administradores?</h3><br />\r\nSi. eso es cierto<br />\r\n<br />\r\n<br />\r\n<h3>¿Es gratis usar catpurple.net?</h3><br />\r\nClaro. No tenemos forma de cobrarte y jamás vamos a poner publicidad ni esas cosas.<br />\r\n<br />\r\n<br />\r\n<h3>¿Se puede usar catpurple.net para voltear al gobierno de un país?</h3><br />\r\nLo dudo mucho...<br />\r\n<br />\r\n<br />\r\n<h3>Si mi novia me deja, ¿puedo hacer que vuelva conmigo usando catpurple.net?</h3><br />\r\nno te prometo nada<br />\r\n<br />\r\n<br />\r\n<h3>¿quien responde a las preguntas frecuentes de catpurple.net?</h3><br />\r\nyo<br />\r\n<br />\r\n<br />\r\n<h3>¿su pueden ingresar etiquetas HTML en catpurple.net?</h3><br />\r\nSi. Leete esta entrada<br />\r\n<a target=\"_blank\" href=\"http://catpurple.net/cat/purple/342\">Etiquetas HTML en catpurple.net</a><br />\r\n<br />\r\n<br />\r\n<h3>¿Ofrece catpurple.net alguna herramienta que me permita buscar una cadena de texto en todas las entradas del sitio?</h3><br />\r\nPor el momento no. Pero mas adelante, está pensado agregarle un motor de busqueda avanzado y sofisticado.<br />\r\n<br />\r\n<br />\r\n<h3>Mi mamá me regaló un celular, ¿puedo usarlo para acceder a catpurple.net?</h3><br />\r\nSiempre y cuando se trate de teléfono con un sistema operativo que permita correr un navegador web (por ejemplo IOs, Android, windows phone) y cuentes con una conexión a internet<br />\r\n<br />\r\n<br />\r\n<h3>¿como hago para saber si una persona habló mal de mi a través de catpurple.net?</h3><br />\r\nSi se trata de una persona específica preguntáselo a esa persona. Si no, tenés dos formas: una es preguntarle a todas las personas del mundo y la otra es recorrer todas las entradas de catpurple.net<br />\r\n<br />\r\n<br />\r\n<h3>¿puedo subir fotos a catpurple.net?</h3><br />\r\nNo, por el momento no se puede subir mas que texto. Lo siento mucho.<br />\r\n<br />\r\n<br />\r\n<h3>¿donde puedo encontrar una receta para hacer una torta en catpurple.net?</h3><br />\r\nAquí > <a target=\"_blank\" href=\"http://catpurple.net/deer/orange/36\">Torta de naranja</a><br />\r\n<br />\r\n<br />\r\n<h3>¿puedo leer la biografía de Cesar Banana Pueyrredón en catpurple.net?</h3><br />\r\nSi, para hacerlo tenés que entrar a wikipedia y buscarla, luego la copias y la pegás en catpurple.net siguiento los mismos pasos que expliqué mas arriba en la pregunta de proponer casamiento a la novia y que no tengo ganas de explicar de nuevo. Una vez que esté ingresada la podés leer todas las veces que quieras.<br />\r\n<br />\r\n<br />\r\n<h3>¿porqué entre los animales disponibles de catpurple.net no hay perros?</h3><br />\r\nPorque así es la vida<br />\r\n<br />\r\n<br />\r\n<h3>¿porqué todo el sitio está en inglés pero las preguntas frecuentes están en castellano?</h3><br />\r\nNo se sabe a ciencia cierta<br />\r\n<br />\r\n<br />\r\n<h3>¿catpurple.net es seguro?</h3><br />\r\nNo estaríamos entendiendo bien a que se refiere esa pregunta<br />\r\n<br />\r\n<br />\r\n<h3>¿es cierto que en 2011 google intentó comprar catpurple.net?</h3><br />\r\nNo. No es cierto, en 2011 catpurple.net no existía ni en sueños y de haber existido dudo que google hubiera intentado comprarlo<br />\r\n<br />\r\n<br />\r\n<h3>¿es cierto que catpurple.net no sirve para nada?</h3><br />\r\nNo. No es cierto<br />\r\n<br />\r\n<br />\r\n<h3>¿es cierto que el hombre nunca llegó a la luna y fué todo un \'montaje cinematográfico\'?</h3><br />\r\nEn principio no se entiende bien la relación entre la pregunta y catpurple.net<br />\r\nPero aprovechamos la ocasión para aclarar que en catpurple.net creemos que el hombre si llegó a pisar la superficie de la luna.<br />\r\nAunque wikipedia no se la juega mucho y muestra un cartel diciendo que si bien tiene referencias necesita mas fuentes para complementar su verificalidad<br />\r\n<br />\r\n<br />\r\n<h3>¿cuál es la diferencia entre facebook y catpurple.net?</h3><br />\r\nLa verdad es que facebook y catpurple.net no tienen mucho que ver. Las diferencias son muchas.<br />\r\n<br />\r\n<br />\r\n<h3>¿pero para que sirve catpurple?</h3><br />\r\nYo creo que una de las situaciones en las que sirve catpurple.net es cuando estás usando una computadora que no es la tuya y querés anotar algo a lo que querés acceder después pero sin tener que loguearte a ningúna cuenta de nada. Las razones para no querer loguearte pueden venir, se me ocurre, por 2 lados: apuro o seguridad. El caso en el que se me ocurrió la idea, fué un poco una mezcla de ambas. En realidad siempre va a ser una combinación de ambas porque si te preocupa la seguridad y tenés todo el tiempo del mundo podés investigar cual es el servicio mas seguro, usar un teclado virtual para ingresar la clave, usar navegación privada y seguro que un montón de medidas de seguridad adicionales que desconozco. Si estas apurado y no te preocupa en lo mas mínimo la seguridad siempre podés abrir tu mail, escribirte a vos mismo, clickear enviar y salir corriendo sin siquiera cerrar la sesión.<br />\r\n<br />\r\nPero volviendo al punto, pienso que los servicios que \'todo el mundo\' usa como facebook o gmail no dan respuesta a este problema y evernote, tampoco, en realidad la que da mejor respuesta a este problema creo que es gmail ya que te permite hacerlo rápido y si nos logueamos por navegación privada y luego cerramos el navegador es bastante seguro, al menos desde el punto de vista del nivel de seguridad por el que se preocupan los usuarios promedio, entre los cuales me incluyo. Con respecto al grupo minoritario que piensa en que alguien le puede sacar la contraseña mas tarde rastreando lo que tipeó en el teclado, o que se preocupa por cuanto cuidan la privacidad de sus datos las grandes compañías como google, para ellos puede ser aún mas útil una herrramienta como catpurple.net, pero no fué pensando en ellos que tuve la idea, sino pensando en mí. ¿Porqué no pensando en ellos? por 2 razones, en primer lugar porque no soy suficientemente conciente de cuales son sus preocupaciones y por lo tanto sus necesidades, como para brindarles un solución a algo, y en segundo lugar porque las personas que pertencen a este grupo ya probablemente hayan buscado otras herramientas mejores que catpurple para este tipo de necesidades. La situación en la que se me presentó esa necesidad fué que estando en una clase de un curso que estoy tomando en el que se usan computadoras a veces quiero anotar algo pero no tengo ganas de loguearme a mi mail.<br />\r\nMas allá de que no me parece una falta grave a mi seguridad loguearme por navegación privada a mi mail me resulta molesto, en parte porque lleva algo mas de tiempo, pero mas que nada porque por el rumbo que están tomando las cosas todo parece marchar hacia que sea cada vez mas raro loguearse a una cuenta y mas común \"ya estar logueado\" no solo porque tus dispositivos guardan los datos de tu usuario y contraseña, sino también porque los que proveen el servicio guardan por ejemplo, información sobre la ubicación y el sistema operativo desde el que te logueas habitualmente y te envían un alerta si te logueas desde otro lado.<br />\r\n<br />\r\nLo que quiero decir es que en los principios de internet, cuando cada vez que te logueabas a una cuenta de mail, desde la maquina que fuera, tenías que ingresar tu usuario y tu contraseña. La \"experiencia\" de acceder a una cuenta desde la propia máquina o desde maquina ajena eran pretty much the same. Mientras que ahora son \"experiencias\" muy distintas. Por esa experiencia, mezclado con el apuro por querer seguir prestando atención a la clase es que prefiero una herramienta como catpurple.net<br />\r\n<br />\r\n<br />\r\n<h3>¿catpurple.net es de código abierto?</h3><br />\r\nSi. El códgo fuente de catpurple se puede encontrar aquí<br />\r\n<a target=\"_blank\" href=\"https://gitlab.com/santiagoatgitlab/catpurple\">El codigo fuente de catpurple.net</a><br />\r\n<br />\r\n<br />\r\n<h3>¿catpurple.net es software libre?</h3><br />\r\nEhhhh... El códgo fuente de catpurple se puede encontrar aquí<br />\r\n<a target=\"_blank\" href=\"https://gitlab.com/santiagoatgitlab/catpurple\">El codigo fuente de catpurple.net</a><br />\r\n<br />\r\n<br />\r\n<h3>¿es cierto que a catpurple.net lo hicieron los extraterrestres?</h3><br />\r\nNo, no habría razón para creer eso, ya que catpurple.net no es nada <b>del otro mundo\"</b><br />\r\n<br />\r\n<br />\r\n<h3>¿Porqué la persona que responde las preguntas frecuentes de catpurple.net responde en plural si es una sola?</h3><br />\r\nNo sabemos<br />\r\n<br />\r\n<br />\r\n<h3>¿Porqué cuando accedo a catpurple.net desde mi dispositivo movil se ve tan horrendo?</h3><br />\r\n¿porqué no te metés en tus asuntos?<br />\r\n<br />\r\n<br />\r\n<h3>¿cuantos documentales hay en netflix sobre catpurple.net?</h3><br />\r\nQue sepamos, ninguno<br />\r\n<br />\r\n<br />\r\n<h3>¿Es cierto que el creador de catpurple.net lo hizo solo por el dinero?</h3><br />\r\n¿¿qué dinero??<br />\r\n<br />\r\n<br />\r\n<h3>¿como compruebo que la entrada de cat/purple/341 titulada \"preguntas frequentes acerca de catpurple.net\" fué escrita por gente vinculada al sitio y no por una persona cualquiera</h3><br />\r\nNo tenés forma de comprobarlo. Pero nadie que no sea el creador de catpurple.net se tomaría la molestia de hacer una cosa así.','2017-07-13 03:32:49','190.244.182.151','53796',NULL),(32,20,23,1000,'Nadie va a creer que es verdad, por eso no pienso decirlo.','2017-07-13 22:51:37','181.30.27.24','7528',NULL),(33,21,26,703,'Bollocks','2017-07-13 22:52:23','181.30.27.24','9295',NULL),(34,26,24,1,'Que vuelvan todos.','2017-07-13 22:53:18','181.30.27.24','11793',NULL),(35,20,24,29,'Cake es una de las mejores cosas de la vida.','2017-07-13 23:02:12','181.30.27.24','36603',NULL),(36,20,24,30,'Dónde está la letra de Carbon Monoxide que es más para agitar la cabeza?','2017-07-13 23:29:04','181.30.27.24','36855',NULL),(37,21,22,1,'Me parece discriminatorio el no uso de perros.','2017-07-13 23:39:43','181.30.27.23','3750',NULL),(38,22,26,1,'John.','2017-07-14 00:11:06','181.30.27.18','20141',NULL),(39,23,31,1,'Alguien más veía esto?<br />\nhttps://www.youtube.com/watch?v=1FKpU0pnne8','2017-07-14 00:14:38','181.30.27.18','23932',NULL),(40,20,24,31,'Ehhh! alguien que escucha cake!<br />\nPensé que yo era el único en el planeta...','2017-07-14 05:38:17','190.244.182.151','38553',NULL),(41,20,24,32,'No no, esa banda es de mis favoritas en el mundo. Los conocí hace como 15 años con el cover de I Will Survive y quedé fascinado con el bajo de esa versión, el resto es historia (?).','2017-07-14 08:42:07','181.167.87.78','28116',NULL),(42,20,24,33,'Cuando estaba dando vueltas por acá y vi títulos de canciones de Cake me puse re emoción porque conozco solo otra persona que conoce y ama Cake, me pareció re loco encontrar con un tortero(término a definir) en este sitio.','2017-07-14 08:44:57','181.167.87.78','28301',NULL),(43,20,24,34,'Debo hacer una pregunta de rigor. Hace MUCHOS años, si mal no recuerdo por el 2003/2004 encontré en el buscador Altavista (Sí, soy re viejo) una versión de Let me Go que NO es la de los discos y me encantó, ésta tenía más vientos y otros arreglitos. La vida hizo que extravíe ese mp3 y nunca más pueda encontrarlo, tipo NUNCA MAS LO VOLVI A ENCONTRAR, al punto tal que cada año que pasa siento que la flashé y no existió (pero sé que esto no es así).<br />\nSi tenés alguna información te lo agradecería de por vida.','2017-07-14 09:14:26','181.167.87.78','29816',NULL),(44,21,26,704,'No entiendo','2017-07-14 15:04:44','190.244.182.151','38820',NULL),(45,21,26,705,'No me pidas explicaciones, no sos mi madre.','2017-07-14 17:12:32','181.167.87.78','45737',NULL),(46,19,21,1,'La palabra de tomás creo que es consecuente','2017-07-14 18:13:56','190.244.182.151','39976',NULL),(47,21,26,706,'¿Tu madre tampoco sabe lo que es bollocks?','2017-07-15 01:17:03','190.244.182.151','37245',NULL),(48,20,24,35,'Ni idea. Supongo que ya habrás buscado en todas las versiones que hay en youtube. Igual parece que vos sos más fanático. Yo empecé formalmente a escuchar cake en el 2014. Antes de eso no había escuchado mas que los 2 covers y algún que otro tema que no me había llamado mucho la atención.<br />\nLa primera vez que los escuché fué con una propaganda de heineken que decía Pensá en verde y sonaba el estribillo de \"perhaps, perhaps, perhaps\" y me acuerdo que me había gustado la canción. Yo debía tener 12 o 13 años por ese enconces. Después obviamente esuché el otro cover y por muchos años fué lo unico que conocía.<br />\nCuando escuché todos los discos me armé este compilado de las que para mi son las mejores canciones:<br />\n(el orden es arbitrario)<br />\n<p>-Commisioning a symphony in C<br />\n-Dime<br />\n-Pretty pink ribbon<br />\n-Never there<br />\n-Comfort Eagle<br />\n-I will survivew<br />\n-Take it all away<br />\n-Frank Sinatra<br />\n-Hem of your Garment<br />\n-Shadow stabbing<br />\n-Perhaps, Perhaps, Perhaps<br />\n-You turn the screws<br />\n-It\'s coming down<br />\n-Mustache man<br />\n-She\'ll come back to me<br />\n-Got to move<br />\n-Palm of your hand<br />\n-Satan is my motor</p>','2017-07-15 01:25:46','190.244.182.151','37253',NULL),(49,21,26,707,'Me tuvo a mi, debería saber. <br />\n<br />\n<br />\nESPERO :O','2017-07-15 07:47:56','181.44.59.237','54113',NULL),(50,30,31,1,'LOS OTROS','2017-07-18 14:49:06','190.245.8.55','36150',NULL),(51,27,29,1,'<h5>Cosas que me gustan de Android studio y no ví en visual studio:</h5><br />\n-Marca todo el código inútil en gris<br />\n-Cuando debuggeas, a medida que la ejecución va pasando por cada linea, te muestra como si fuera un comentario a la derecha el valor de todas las variables de esa línea<br />\n-Cuando estás declarando una variable y escbribis las clase te sugiere como nombre de la variable el nombre de la clase en minúscula (si empezás a escribirlo, claro)<br />\n-Cuando estás declarando una variable cuyo nombre está escrito mas abajo (con error, porque no existe) te lo sugiere, aunque todavía no esté declarada.','2017-07-18 14:51:34','190.244.182.151','49506',NULL),(52,23,22,1,'What in the hell is this?','2017-07-18 14:54:17','181.167.189.20','50107',NULL),(53,26,29,1,'Que hay que hacer acá?','2017-07-18 14:54:57','181.9.168.166','3977',NULL),(54,27,28,1,'Menem','2017-07-18 14:58:22','186.143.133.5','64375',NULL),(55,21,22,2,'Los perros somos nosotros.','2017-07-18 15:00:23','190.245.8.55','45548',NULL),(56,21,21,1,'Necesitamos lo de los 100 últimos','2017-07-18 15:00:45','190.245.8.55','45916',NULL),(57,27,32,4,'Soy el Alfa y el Omega','2017-07-18 15:09:18','80.250.23.93','56061',NULL),(58,21,21,2,'catpurple.net/last100','2017-07-18 15:10:03','190.244.182.151','49532',NULL),(59,27,32,1,'Hola','2017-07-18 15:10:04','80.250.23.93','56063',NULL),(60,21,21,3,'<a href=\"http://catpurple.net/last100\">Los últimos 100</a>','2017-07-18 15:10:26','190.244.182.151','49533',NULL),(61,30,31,3,'Ese momento incómodo en que el perro huele en tu entrepierna el semen rancio que nunca te dignaste a limpiar','2017-07-18 15:12:00','181.165.106.83','49588',NULL),(62,22,21,36,'The cake is a lie','2017-07-18 15:13:35','190.245.8.55','40768',NULL),(63,19,21,2,'¿Cual tomás?','2017-07-18 15:15:21','190.245.8.55','42988',NULL),(64,21,27,2,'Aroma a caca.','2017-07-18 15:15:30','186.141.136.197','42893',NULL),(65,24,25,1,'Kukas nunk mas','2017-07-18 15:20:37','190.19.242.37','54986',NULL),(66,27,25,729,'<h2>Preguntas frecuentes acerca de catpurple.net</h2><br />\n<br />\n<h3>¿que es catpurple.net?</h3><br />\nEs un sitio de internet en el que cualquiera puede subir texto sin estar logueado.<br />\nSu gracia es que cada texto subido se guarda en un \"espacio\" al cual es facil acceder, ya que su dirección es el nombre de un animal, el de un color y luego un número. Si no se ingresa un numero de todos modos se accede al listado de todos los espacios para ese animal>color. Por lo que se lo puede buscar con mayor o menor dificultad dependiendo de la cantidad de entradas que haya en esa página<br />\n<br />\n<br />\n<h3>¿Puedo usar catpurple.net para proponerle casamiento a mi novia?</h3><br />\nClaro. tenés que elegir un animal, un color y luego seleccionar una posición. Ingresas la propuesta por escrito y luego le mandás el link a tu novia.<br />\n<br />\n<br />\n<h3>¿Es cierto que antes del 7 de julio de 2017 alguna gente había escrito cosas en catpurple.net y se borraron por un accidente de los administradores?</h3><br />\nSi. eso es cierto<br />\n<br />\n<br />\n<h3>¿Es gratis usar catpurple.net?</h3><br />\nClaro. No tenemos forma de cobrarte y jamás vamos a poner publicidad ni esas cosas.<br />\n<br />\n<br />\n<h3>¿Se puede usar catpurple.net para voltear al gobierno de un país?</h3><br />\nLo dudo mucho...<br />\n<br />\n<br />\n<h3>Si mi novia me deja, ¿puedo hacer que vuelva conmigo usando catpurple.net?</h3><br />\nno te prometo nada<br />\n<br />\n<br />\n<h3>¿quien responde a las preguntas frecuentes de catpurple.net?</h3><br />\nyo<br />\n<br />\n<br />\n<h3>¿su pueden ingresar etiquetas HTML en catpurple.net?</h3><br />\nSi. Leete esta entrada<br />\n<a target=\"_blank\" href=\"http://catpurple.net/cat/purple/342\">Etiquetas HTML en catpurple.net</a><br />\n<br />\n<br />\n<h3>¿Ofrece catpurple.net alguna herramienta que me permita buscar una cadena de texto en todas las entradas del sitio?</h3><br />\nPor el momento no. Pero mas adelante, está pensado agregarle un motor de busqueda avanzado y sofisticado.<br />\n<br />\n<br />\n<h3>Mi mamá me regaló un celular, ¿puedo usarlo para acceder a catpurple.net?</h3><br />\nSiempre y cuando se trate de teléfono con un sistema operativo que permita correr un navegador web (por ejemplo IOs, Android, windows phone) y cuentes con una conexión a internet<br />\n<br />\n<br />\n<h3>¿como hago para saber si una persona habló mal de mi a través de catpurple.net?</h3><br />\nSi se trata de una persona específica preguntáselo a esa persona. Si no, tenés dos formas: una es preguntarle a todas las personas del mundo y la otra es recorrer todas las entradas de catpurple.net<br />\n<br />\n<br />\n<h3>¿puedo subir fotos a catpurple.net?</h3><br />\nNo, por el momento no se puede subir mas que texto. Lo siento mucho.<br />\n<br />\n<br />\n<h3>¿donde puedo encontrar una receta para hacer una torta en catpurple.net?</h3><br />\nAquí > <a target=\"_blank\" href=\"http://catpurple.net/deer/orange/36\">Torta de naranja</a><br />\n<br />\n<br />\n<h3>¿puedo leer la biografía de Cesar Banana Pueyrredón en catpurple.net?</h3><br />\nSi, para hacerlo tenés que entrar a wikipedia y buscarla, luego la copias y la pegás en catpurple.net siguiento los mismos pasos que expliqué mas arriba en la pregunta de proponer casamiento a la novia y que no tengo ganas de explicar de nuevo. Una vez que esté ingresada la podés leer todas las veces que quieras.<br />\n<br />\n<br />\n<h3>¿porqué entre los animales disponibles de catpurple.net no hay perros?</h3><br />\nPorque así es la vida<br />\n<br />\n<br />\n<h3>¿porqué todo el sitio está en inglés pero las preguntas frecuentes están en castellano?</h3><br />\nNo se sabe a ciencia cierta<br />\n<br />\n<br />\n<h3>¿catpurple.net es seguro?</h3><br />\nNo estaríamos entendiendo bien a que se refiere esa pregunta<br />\n<br />\n<br />\n<h3>¿es cierto que en 2011 google intentó comprar catpurple.net?</h3><br />\nNo. No es cierto, en 2011 catpurple.net no existía ni en sueños y de haber existido dudo que google hubiera intentado comprarlo<br />\n<br />\n<br />\n<h3>¿es cierto que catpurple.net no sirve para nada?</h3><br />\nNo. No es cierto<br />\n<br />\n<br />\n<h3>¿es cierto que el hombre nunca llegó a la luna y fué todo un \'montaje cinematográfico\'?</h3><br />\nEn principio no se entiende bien la relación entre la pregunta y catpurple.net<br />\nPero aprovechamos la ocasión para aclarar que en catpurple.net creemos que el hombre si llegó a pisar la superficie de la luna.<br />\nAunque wikipedia no se la juega mucho y muestra un cartel diciendo que si bien tiene referencias necesita mas fuentes para complementar su verificalidad<br />\n<br />\n<br />\n<h3>¿cuál es la diferencia entre facebook y catpurple.net?</h3><br />\nLa verdad es que facebook y catpurple.net no tienen mucho que ver. Las diferencias son muchas.<br />\n<br />\n<br />\n<h3>¿pero para que sirve catpurple?</h3><br />\nYo creo que una de las situaciones en las que sirve catpurple.net es cuando estás usando una computadora que no es la tuya y querés anotar algo a lo que querés acceder después pero sin tener que loguearte a ningúna cuenta de nada. Las razones para no querer loguearte pueden venir, se me ocurre, por 2 lados: apuro o seguridad. El caso en el que se me ocurrió la idea, fué un poco una mezcla de ambas. En realidad siempre va a ser una combinación de ambas porque si te preocupa la seguridad y tenés todo el tiempo del mundo podés investigar cual es el servicio mas seguro, usar un teclado virtual para ingresar la clave, usar navegación privada y seguro que un montón de medidas de seguridad adicionales que desconozco. Si estas apurado y no te preocupa en lo mas mínimo la seguridad siempre podés abrir tu mail, escribirte a vos mismo, clickear enviar y salir corriendo sin siquiera cerrar la sesión.<br />\n<br />\nPero volviendo al punto, pienso que los servicios que \'todo el mundo\' usa como facebook o gmail no dan respuesta a este problema y evernote, tampoco, en realidad la que da mejor respuesta a este problema creo que es gmail ya que te permite hacerlo rápido y si nos logueamos por navegación privada y luego cerramos el navegador es bastante seguro, al menos desde el punto de vista del nivel de seguridad por el que se preocupan los usuarios promedio, entre los cuales me incluyo. Con respecto al grupo minoritario que piensa en que alguien le puede sacar la contraseña mas tarde rastreando lo que tipeó en el teclado, o que se preocupa por cuanto cuidan la privacidad de sus datos las grandes compañías como google, para ellos puede ser aún mas útil una herrramienta como catpurple.net, pero no fué pensando en ellos que tuve la idea, sino pensando en mí. ¿Porqué no pensando en ellos? por 2 razones, en primer lugar porque no soy suficientemente conciente de cuales son sus preocupaciones y por lo tanto sus necesidades, como para brindarles un solución a algo, y en segundo lugar porque las personas que pertencen a este grupo ya probablemente hayan buscado otras herramientas mejores que catpurple para este tipo de necesidades. La situación en la que se me presentó esa necesidad fué que estando en una clase de un curso que estoy tomando en el que se usan computadoras a veces quiero anotar algo pero no tengo ganas de loguearme a mi mail.<br />\nMas allá de que no me parece una falta grave a mi seguridad loguearme por navegación privada a mi mail me resulta molesto, en parte porque lleva algo mas de tiempo, pero mas que nada porque por el rumbo que están tomando las cosas todo parece marchar hacia que sea cada vez mas raro loguearse a una cuenta y mas común \"ya estar logueado\" no solo porque tus dispositivos guardan los datos de tu usuario y contraseña, sino también porque los que proveen el servicio guardan por ejemplo, información sobre la ubicación y el sistema operativo desde el que te logueas habitualmente y te envían un alerta si te logueas desde otro lado.<br />\n<br />\nLo que quiero decir es que en los principios de internet, cuando cada vez que te logueabas a una cuenta de mail, desde la maquina que fuera, tenías que ingresar tu usuario y tu contraseña. La \"experiencia\" de acceder a una cuenta desde la propia máquina o desde maquina ajena eran pretty much the same. Mientras que ahora son \"experiencias\" muy distintas. Por esa experiencia, mezclado con el apuro por querer seguir prestando atención a la clase es que prefiero una herramienta como catpurple.net<br />\n<br />\n<br />\n<h3>¿catpurple.net es de código abierto?</h3><br />\nSi. El códgo fuente de catpurple se puede encontrar aquí<br />\n<a target=\"_blank\" href=\"https://gitlab.com/santiagoatgitlab/catpurple\">El codigo fuente de catpurple.net</a><br />\n<br />\n<br />\n<h3>¿catpurple.net es software libre?</h3><br />\nEhhhh... El códgo fuente de catpurple se puede encontrar aquí<br />\n<a target=\"_blank\" href=\"https://gitlab.com/santiagoatgitlab/catpurple\">El codigo fuente de catpurple.net</a><br />\n<br />\n<br />\n<h3>¿es cierto que a catpurple.net lo hicieron los extraterrestres?</h3><br />\nNo, no habría razón para creer eso, ya que catpurple.net no es nada <b>del otro mundo\"</b><br />\n<br />\n<br />\n<h3>¿Porqué la persona que responde las preguntas frecuentes de catpurple.net responde en plural si es una sola?</h3><br />\nNo sabemos<br />\n<br />\n<br />\n<h3>¿Porqué cuando accedo a catpurple.net desde mi dispositivo movil se ve tan horrendo?</h3><br />\n¿porqué no te metés en tus asuntos?<br />\n<br />\n<br />\n<h3>¿cuantos documentales hay en netflix sobre catpurple.net?</h3><br />\nQue sepamos, ninguno<br />\n<br />\n<br />\n<h3>¿Es cierto que el creador de catpurple.net lo hizo solo por el dinero?</h3><br />\n¿¿qué dinero??<br />\n<br />\n<br />\n<h3>¿como compruebo que la entrada de cat/purple/341 titulada \"preguntas frequentes acerca de catpurple.net\" fué escrita por gente vinculada al sitio y no por una persona cualquiera</h3><br />\nNo tenés forma de comprobarlo. Pero nadie que no sea el creador de catpurple.net se tomaría la molestia de hacer una cosa así.<br />\n<br />\n<br />\n<br />\n<br />\n¿Ah no?','2017-07-18 15:22:57','190.245.8.55','56072',NULL),(67,21,23,340,'<br />\r\n<h2>Preguntas frecuentes acerca de catpurple.net</h2><br />\r\n<br />\r\n<h3>¿que es catpurple.net?</h3><br />\r\nEs un sitio de internet en el que cualquiera puede subir texto sin estar logueado.<br />\r\nSu gracia es que cada texto subido se guarda en un \"espacio\" al cual es facil acceder, ya que su dirección es el nombre de un animal, el de un color y luego un número. Si no se ingresa un numero de todos modos se accede al listado de todos los espacios para ese animal>color. Por lo que se lo puede buscar con mayor o menor dificultad dependiendo de la cantidad de entradas que haya en esa página<br />\r\n<br />\r\n<br />\r\n<h3>¿Puedo usar catpurple.net para proponerle casamiento a mi novia?</h3><br />\r\nClaro. tenés que elegir un animal, un color y luego seleccionar una posición. Ingresas la propuesta por escrito y luego le mandás el link a tu novia.<br />\r\n<br />\r\n<br />\r\n<h3>¿Es cierto que antes del 7 de julio de 2017 alguna gente había escrito cosas en catpurple.net y se borraron por un accidente de los administradores?</h3><br />\r\nSi. eso es cierto<br />\r\n<br />\r\n<br />\r\n<h3>¿Es gratis usar catpurple.net?</h3><br />\r\nClaro. No tenemos forma de cobrarte y jamás vamos a poner publicidad ni esas cosas.<br />\r\n<br />\r\n<br />\r\n<h3>¿Se puede usar catpurple.net para voltear al gobierno de un país?</h3><br />\r\nLo dudo mucho...<br />\r\n<br />\r\n<br />\r\n<h3>Si mi novia me deja, ¿puedo hacer que vuelva conmigo usando catpurple.net?</h3><br />\r\nno te prometo nada<br />\r\n<br />\r\n<br />\r\n<h3>¿quien responde a las preguntas frecuentes de catpurple.net?</h3><br />\r\nyo<br />\r\n<br />\r\n<br />\r\n<h3>¿su pueden ingresar etiquetas HTML en catpurple.net?</h3><br />\r\nSi. Leete esta entrada<br />\r\n<a target=\"_blank\" href=\"http://catpurple.net/cat/purple/342\">Etiquetas HTML en catpurple.net</a><br />\r\n<br />\r\n<br />\r\n<h3>¿Ofrece catpurple.net alguna herramienta que me permita buscar una cadena de texto en todas las entradas del sitio?</h3><br />\r\nPor el momento no. Pero mas adelante, está pensado agregarle un motor de busqueda avanzado y sofisticado.<br />\r\n<br />\r\n<br />\r\n<h3>Mi mamá me regaló un celular, ¿puedo usarlo para acceder a catpurple.net?</h3><br />\r\nSiempre y cuando se trate de teléfono con un sistema operativo que permita correr un navegador web (por ejemplo IOs, Android, windows phone) y cuentes con una conexión a internet<br />\r\n<br />\r\n<br />\r\n<h3>¿como hago para saber si una persona habló mal de mi a través de catpurple.net?</h3><br />\r\nSi se trata de una persona específica preguntáselo a esa persona. Si no, tenés dos formas: una es preguntarle a todas las personas del mundo y la otra es recorrer todas las entradas de catpurple.net<br />\r\n<br />\r\n<br />\r\n<h3>¿puedo subir fotos a catpurple.net?</h3><br />\r\nNo, por el momento no se puede subir mas que texto. Lo siento mucho.<br />\r\n<br />\r\n<br />\r\n<h3>¿donde puedo encontrar una receta para hacer una torta en catpurple.net?</h3><br />\r\nAquí > <a target=\"_blank\" href=\"http://catpurple.net/deer/orange/36\">Torta de naranja</a><br />\r\n<br />\r\n<br />\r\n<h3>¿puedo leer la biografía de Cesar Banana Pueyrredón en catpurple.net?</h3><br />\r\nSi, para hacerlo tenés que entrar a wikipedia y buscarla, luego la copias y la pegás en catpurple.net siguiento los mismos pasos que expliqué mas arriba en la pregunta de proponer casamiento a la novia y que no tengo ganas de explicar de nuevo. Una vez que esté ingresada la podés leer todas las veces que quieras.<br />\r\n<br />\r\n<br />\r\n<h3>¿porqué entre los animales disponibles de catpurple.net no hay perros?</h3><br />\r\nPorque así es la vida<br />\r\n<br />\r\n<br />\r\n<h3>¿porqué todo el sitio está en inglés pero las preguntas frecuentes están en castellano?</h3><br />\r\nNo se sabe a ciencia cierta<br />\r\n<br />\r\n<br />\r\n<h3>¿catpurple.net es seguro?</h3><br />\r\nNo estaríamos entendiendo bien a que se refiere esa pregunta<br />\r\n<br />\r\n<br />\r\n<h3>¿es cierto que en 2011 google intentó comprar catpurple.net?</h3><br />\r\nNo. No es cierto, en 2011 catpurple.net no existía ni en sueños y de haber existido dudo que google hubiera intentado comprarlo<br />\r\n<br />\r\n<br />\r\n<h3>¿es cierto que catpurple.net no sirve para nada?</h3><br />\r\nNo. No es cierto<br />\r\n<br />\r\n<br />\r\n<h3>¿es cierto que el hombre nunca llegó a la luna y fué todo un \'montaje cinematográfico\'?</h3><br />\r\nEn principio no se entiende bien la relación entre la pregunta y catpurple.net<br />\r\nPero aprovechamos la ocasión para aclarar que en catpurple.net creemos que el hombre si llegó a pisar la superficie de la luna.<br />\r\nAunque wikipedia no se la juega mucho y muestra un cartel diciendo que si bien tiene referencias necesita mas fuentes para complementar su verificalidad<br />\r\n<br />\r\n<br />\r\n<h3>¿cuál es la diferencia entre facebook y catpurple.net?</h3><br />\r\nLa verdad es que facebook y catpurple.net no tienen mucho que ver. Las diferencias son muchas.<br />\r\n<br />\r\n<br />\r\n<h3>¿pero para que sirve catpurple?</h3><br />\r\nYo creo que una de las situaciones en las que sirve catpurple.net es cuando estás usando una computadora que no es la tuya y querés anotar algo a lo que querés acceder después pero sin tener que loguearte a ningúna cuenta de nada. Las razones para no querer loguearte pueden venir, se me ocurre, por 2 lados: apuro o seguridad. El caso en el que se me ocurrió la idea, fué un poco una mezcla de ambas. En realidad siempre va a ser una combinación de ambas porque si te preocupa la seguridad y tenés todo el tiempo del mundo podés investigar cual es el servicio mas seguro, usar un teclado virtual para ingresar la clave, usar navegación privada y seguro que un montón de medidas de seguridad adicionales que desconozco. Si estas apurado y no te preocupa en lo mas mínimo la seguridad siempre podés abrir tu mail, escribirte a vos mismo, clickear enviar y salir corriendo sin siquiera cerrar la sesión.<br />\r\n<br />\r\nPero volviendo al punto, pienso que los servicios que \'todo el mundo\' usa como facebook o gmail no dan respuesta a este problema y evernote, tampoco, en realidad la que da mejor respuesta a este problema creo que es gmail ya que te permite hacerlo rápido y si nos logueamos por navegación privada y luego cerramos el navegador es bastante seguro, al menos desde el punto de vista del nivel de seguridad por el que se preocupan los usuarios promedio, entre los cuales me incluyo. Con respecto al grupo minoritario que piensa en que alguien le puede sacar la contraseña mas tarde rastreando lo que tipeó en el teclado, o que se preocupa por cuanto cuidan la privacidad de sus datos las grandes compañías como google, para ellos puede ser aún mas útil una herrramienta como catpurple.net, pero no fué pensando en ellos que tuve la idea, sino pensando en mí. ¿Porqué no pensando en ellos? por 2 razones, en primer lugar porque no soy suficientemente conciente de cuales son sus preocupaciones y por lo tanto sus necesidades, como para brindarles un solución a algo, y en segundo lugar porque las personas que pertencen a este grupo ya probablemente hayan buscado otras herramientas mejores que catpurple para este tipo de necesidades. La situación en la que se me presentó esa necesidad fué que estando en una clase de un curso que estoy tomando en el que se usan computadoras a veces quiero anotar algo pero no tengo ganas de loguearme a mi mail.<br />\r\nMas allá de que no me parece una falta grave a mi seguridad loguearme por navegación privada a mi mail me resulta molesto, en parte porque lleva algo mas de tiempo, pero mas que nada porque por el rumbo que están tomando las cosas todo parece marchar hacia que sea cada vez mas raro loguearse a una cuenta y mas común \"ya estar logueado\" no solo porque tus dispositivos guardan los datos de tu usuario y contraseña, sino también porque los que proveen el servicio guardan por ejemplo, información sobre la ubicación y el sistema operativo desde el que te logueas habitualmente y te envían un alerta si te logueas desde otro lado.<br />\r\n<br />\r\nLo que quiero decir es que en los principios de internet, cuando cada vez que te logueabas a una cuenta de mail, desde la maquina que fuera, tenías que ingresar tu usuario y tu contraseña. La \"experiencia\" de acceder a una cuenta desde la propia máquina o desde maquina ajena eran pretty much the same. Mientras que ahora son \"experiencias\" muy distintas. Por esa experiencia, mezclado con el apuro por querer seguir prestando atención a la clase es que prefiero una herramienta como catpurple.net<br />\r\n<br />\r\n<br />\r\n<h3>¿catpurple.net es de código abierto?</h3><br />\r\nSi. El códgo fuente de catpurple se puede encontrar aquí<br />\r\n<a target=\"_blank\" href=\"https://gitlab.com/santiagoatgitlab/catpurple\">El codigo fuente de catpurple.net</a><br />\r\n<br />\r\n<br />\r\n<h3>¿catpurple.net es software libre?</h3><br />\r\nEhhhh... El códgo fuente de catpurple se puede encontrar aquí<br />\r\n<a target=\"_blank\" href=\"https://gitlab.com/santiagoatgitlab/catpurple\">El codigo fuente de catpurple.net</a><br />\r\n<br />\r\n<br />\r\n<h3>¿es cierto que a catpurple.net lo hicieron los extraterrestres?</h3><br />\r\nNo, no habría razón para creer eso, ya que catpurple.net no es nada <b>del otro mundo\"</b><br />\r\n<br />\r\n<br />\r\n<h3>¿Porqué la persona que responde las preguntas frecuentes de catpurple.net responde en plural si es una sola?</h3><br />\r\nNo sabemos<br />\r\n<br />\r\n<br />\r\n<h3>¿Porqué cuando accedo a catpurple.net desde mi dispositivo movil se ve tan horrendo?</h3><br />\r\n¿porqué no te metés en tus asuntos?<br />\r\n<br />\r\n<br />\r\n<h3>¿cuantos documentales hay en netflix sobre catpurple.net?</h3><br />\r\nQue sepamos, ninguno<br />\r\n<br />\r\n<br />\r\n<h3>¿Es cierto que el creador de catpurple.net lo hizo solo por el dinero?</h3><br />\r\n¿¿qué dinero??<br />\r\n<br />\r\n<br />\r\n<h3>¿como compruebo que la entrada de cat/purple/341 titulada \"preguntas frequentes acerca de catpurple.net\" fué escrita por gente vinculada al sitio y no por una persona cualquiera</h3><br />\r\nNo tenés forma de comprobarlo. Pero nadie que no sea el creador de catpurple.net se tomaría la molestia de hacer una cosa así.<br />\r\n<br />\r\n<br />\r\n<br />\r\n<br />\r\n<br />\r\n<br />\r\n<br />\r\n<br />\r\nYo no estaría tan seguro.','2017-07-18 15:23:39','190.245.8.55','59324',NULL),(68,27,25,1,'yellow duck','2017-07-18 15:23:41','181.46.250.154','37838',NULL),(69,27,25,8,'Cheesecake estilo New York.<br />\n<br />\n<br />\nLa diferencia de este cheese cake con el que encontramos usualmente, es que este esta horneado. En mi opinión, no me gusta la base hecha de galletitas compradas, pero por ahora no se me ocurrió otra.<br />\n<br />\nLa receta es<br />\n<br />\n<br />\nAnna Olson<br />\nTarta de queso clásica estilo Nueva York (Classic New York cheesecake)<br />\nComparte esta receta<br />\nGuardar Favorito Imprimir Me Gusta<br />\nLas claves<br />\n<br />\n    Ingr. prin.: Huevos y Lácteos<br />\n    Plato: Postre<br />\n    Estilo: Cocina casera, Cocina dulce, Cocina americana.<br />\n    Ambiente: Celebraciones.<br />\n    Tiempo: alto<br />\n    Dificultad: medio<br />\n    Comensales: 4<br />\n    Programa: La repostería de Anna Olson<br />\n    Episodio: 13<br />\n    Le gusta a 279 personas<br />\n<br />\nINGREDIENTES PRINCIPALES<br />\n<br />\n    Para la base:<br />\n    1 taza de migas de galleta<br />\n    2 cucharadas de azúcar<br />\n    ¼ taza de mantequilla sin sal derretida<br />\n    Para el cheesecake:<br />\n    1 kg de queso crema<br />\n    1 ¼ taza de azúcar<br />\n    3 cucharadas de almidón de maíz<br />\n    2 cucharaditas de extracto de vainilla<br />\n    2 cucharadas de ralladura de limón<br />\n    3 Huevos<br />\n    1 yema de huevo<br />\n    1 ½ taza de crema agria<br />\n    2 cucharaditas de zumo de limón<br />\n    2 cucharadas de azúcar<br />\n    Frutos rojos frescos<br />\n<br />\nPreparación de la receta<br />\n<br />\nPrecalentamos el horno a una temperatura de 175ºC.<br />\n<br />\nEn primer lugar, vamos a preparar la base. Para ello, mezclamos las migas de galleta con el azúcar y la mantequilla fundida. Ponemos la mezcla en la base de un molde de tartas y horneamos a 175ºC durante 10 minutos, para que se solidifique.<br />\n<br />\nPor otro lado, vamos a preparar el cheesecake. En un bol, batimos bien el queso crema y le añadimos, poco a poco, el azúcar.<br />\n<br />\nAgregamos al queso el almidón de maíz, el extracto de vainilla, los huevos y la yema, batiendo a velocidad baja para que no entre demasiado aire en la tarta.<br />\n<br />\nPor último, añadimos al bol una taza de crema agria y mezclamos todo bien.<br />\n<br />\nCuando la base de galletas esté fría, la cubrimos con el cheesecake  y horneamos a 200ºC durante 10 minutos.<br />\n<br />\nPasado el tiempo, bajamos la temperatura del horno a 100ºC y seguimos cocinando otros 25 minutos.  Cuando termine, apagamos el horno y dejamos la tarta dentro durante una hora.<br />\n<br />\nPara terminar, mezclamos la media taza de crema agria restante con dos cucharadas de azúcar y dos cucharaditas de zumo de limón.<br />\n<br />\nExtendemos la crema agria sobre la tarta y dejamos que todo se enfríe a temperatura ambiente antes de meter en el frigorífico para que se solidifique.<br />\n<br />\nDecoramos con unos frutos rojos frescos y servimos.','2017-07-18 15:29:26','190.245.8.55','43754',NULL),(70,21,23,502,'<br />\n<h2>Preguntas frecuentes acerca de catpurple.net</h2><br />\n<br />\n<h3>¿que es catpurple.net?</h3><br />\nEs un sitio de internet en el que cualquiera puede subir texto sin estar logueado.<br />\nSu gracia es que cada texto subido se guarda en un \"espacio\" al cual es facil acceder, ya que su dirección es el nombre de un animal, el de un color y luego un número. Si no se ingresa un numero de todos modos se accede al listado de todos los espacios para ese animal>color. Por lo que se lo puede buscar con mayor o menor dificultad dependiendo de la cantidad de entradas que haya en esa página<br />\n<br />\n<br />\n<h3>¿Puedo usar catpurple.net para proponerle casamiento a mi novia?</h3><br />\nClaro. tenés que elegir un animal, un color y luego seleccionar una posición. Ingresas la propuesta por escrito y luego le mandás el link a tu novia.<br />\n<br />\n<br />\n<h3>¿Es cierto que antes del 7 de julio de 2017 alguna gente había escrito cosas en catpurple.net y se borraron por un accidente de los administradores?</h3><br />\nSi. eso es cierto<br />\n<br />\n<br />\n<h3>¿Es gratis usar catpurple.net?</h3><br />\nClaro. No tenemos forma de cobrarte y jamás vamos a poner publicidad ni esas cosas.<br />\n<br />\n<br />\n<h3>¿Se puede usar catpurple.net para voltear al gobierno de un país?</h3><br />\nLo dudo mucho...<br />\n<br />\n<br />\n<h3>Si mi novia me deja, ¿puedo hacer que vuelva conmigo usando catpurple.net?</h3><br />\nno te prometo nada<br />\n<br />\n<br />\n<h3>¿quien responde a las preguntas frecuentes de catpurple.net?</h3><br />\nyo<br />\n<br />\n<br />\n<h3>¿su pueden ingresar etiquetas HTML en catpurple.net?</h3><br />\nSi. Leete esta entrada<br />\n<a target=\"_blank\" href=\"http://catpurple.net/cat/purple/342\">Etiquetas HTML en catpurple.net</a><br />\n<br />\n<br />\n<h3>¿Ofrece catpurple.net alguna herramienta que me permita buscar una cadena de texto en todas las entradas del sitio?</h3><br />\nPor el momento no. Pero mas adelante, está pensado agregarle un motor de busqueda avanzado y sofisticado.<br />\n<br />\n<br />\n<h3>Mi mamá me regaló un celular, ¿puedo usarlo para acceder a catpurple.net?</h3><br />\nSiempre y cuando se trate de teléfono con un sistema operativo que permita correr un navegador web (por ejemplo IOs, Android, windows phone) y cuentes con una conexión a internet<br />\n<br />\n<br />\n<h3>¿como hago para saber si una persona habló mal de mi a través de catpurple.net?</h3><br />\nSi se trata de una persona específica preguntáselo a esa persona. Si no, tenés dos formas: una es preguntarle a todas las personas del mundo y la otra es recorrer todas las entradas de catpurple.net<br />\n<br />\n<br />\n<h3>¿puedo subir fotos a catpurple.net?</h3><br />\nNo, por el momento no se puede subir mas que texto. Lo siento mucho.<br />\n<br />\n<br />\n<h3>¿donde puedo encontrar una receta para hacer una torta en catpurple.net?</h3><br />\nAquí > <a target=\"_blank\" href=\"http://catpurple.net/duck/yellow/8\">Cheesecake Estilo New York</a><br />\n<br />\n<br />\n<h3>¿puedo leer la biografía de Cesar Banana Pueyrredón en catpurple.net?</h3><br />\nSi, para hacerlo tenés que entrar a wikipedia y buscarla, luego la copias y la pegás en catpurple.net siguiento los mismos pasos que expliqué mas arriba en la pregunta de proponer casamiento a la novia y que no tengo ganas de explicar de nuevo. Una vez que esté ingresada la podés leer todas las veces que quieras.<br />\n<br />\n<br />\n<h3>¿porqué entre los animales disponibles de catpurple.net no hay perros?</h3><br />\nLos perros somos nosotros<br />\n<br />\n<br />\n<h3>¿porqué todo el sitio está en inglés pero las preguntas frecuentes están en castellano?</h3><br />\nNo se sabe a ciencia cierta<br />\n<br />\n<br />\n<h3>¿catpurple.net es seguro?</h3><br />\nNo estaríamos entendiendo bien a que se refiere esa pregunta<br />\n<br />\n<br />\n<h3>¿es cierto que en 2011 google intentó comprar catpurple.net?</h3><br />\nNo. No es cierto, en 2011 catpurple.net no existía ni en sueños y de haber existido dudo que google hubiera intentado comprarlo<br />\n<br />\n<br />\n<h3>¿es cierto que catpurple.net no sirve para nada?</h3><br />\nNo. No es cierto<br />\n<br />\n<br />\n<h3>¿es cierto que el hombre nunca llegó a la luna y fué todo un \'montaje cinematográfico\'?</h3><br />\nEn principio no se entiende bien la relación entre la pregunta y catpurple.net<br />\nPero aprovechamos la ocasión para aclarar que en catpurple.net creemos que el hombre si llegó a pisar la superficie de la luna.<br />\nAunque wikipedia no se la juega mucho y muestra un cartel diciendo que si bien tiene referencias necesita mas fuentes para complementar su verificalidad<br />\n<br />\n<br />\n<h3>¿cuál es la diferencia entre facebook y catpurple.net?</h3><br />\nLa verdad es que facebook y catpurple.net no tienen mucho que ver. Las diferencias son muchas.<br />\n<br />\n<br />\n<h3>¿pero para que sirve catpurple?</h3><br />\nYo creo que una de las situaciones en las que sirve catpurple.net es cuando estás usando una computadora que no es la tuya y querés anotar algo a lo que querés acceder después pero sin tener que loguearte a ningúna cuenta de nada. Las razones para no querer loguearte pueden venir, se me ocurre, por 2 lados: apuro o seguridad. El caso en el que se me ocurrió la idea, fué un poco una mezcla de ambas. En realidad siempre va a ser una combinación de ambas porque si te preocupa la seguridad y tenés todo el tiempo del mundo podés investigar cual es el servicio mas seguro, usar un teclado virtual para ingresar la clave, usar navegación privada y seguro que un montón de medidas de seguridad adicionales que desconozco. Si estas apurado y no te preocupa en lo mas mínimo la seguridad siempre podés abrir tu mail, escribirte a vos mismo, clickear enviar y salir corriendo sin siquiera cerrar la sesión.<br />\n<br />\nPero volviendo al punto, pienso que los servicios que \'todo el mundo\' usa como facebook o gmail no dan respuesta a este problema y evernote, tampoco, en realidad la que da mejor respuesta a este problema creo que es gmail ya que te permite hacerlo rápido y si nos logueamos por navegación privada y luego cerramos el navegador es bastante seguro, al menos desde el punto de vista del nivel de seguridad por el que se preocupan los usuarios promedio, entre los cuales me incluyo. Con respecto al grupo minoritario que piensa en que alguien le puede sacar la contraseña mas tarde rastreando lo que tipeó en el teclado, o que se preocupa por cuanto cuidan la privacidad de sus datos las grandes compañías como google, para ellos puede ser aún mas útil una herrramienta como catpurple.net, pero no fué pensando en ellos que tuve la idea, sino pensando en mí. ¿Porqué no pensando en ellos? por 2 razones, en primer lugar porque no soy suficientemente conciente de cuales son sus preocupaciones y por lo tanto sus necesidades, como para brindarles un solución a algo, y en segundo lugar porque las personas que pertencen a este grupo ya probablemente hayan buscado otras herramientas mejores que catpurple para este tipo de necesidades. La situación en la que se me presentó esa necesidad fué que estando en una clase de un curso que estoy tomando en el que se usan computadoras a veces quiero anotar algo pero no tengo ganas de loguearme a mi mail.<br />\nMas allá de que no me parece una falta grave a mi seguridad loguearme por navegación privada a mi mail me resulta molesto, en parte porque lleva algo mas de tiempo, pero mas que nada porque por el rumbo que están tomando las cosas todo parece marchar hacia que sea cada vez mas raro loguearse a una cuenta y mas común \"ya estar logueado\" no solo porque tus dispositivos guardan los datos de tu usuario y contraseña, sino también porque los que proveen el servicio guardan por ejemplo, información sobre la ubicación y el sistema operativo desde el que te logueas habitualmente y te envían un alerta si te logueas desde otro lado.<br />\n<br />\nLo que quiero decir es que en los principios de internet, cuando cada vez que te logueabas a una cuenta de mail, desde la maquina que fuera, tenías que ingresar tu usuario y tu contraseña. La \"experiencia\" de acceder a una cuenta desde la propia máquina o desde maquina ajena eran pretty much the same. Mientras que ahora son \"experiencias\" muy distintas. Por esa experiencia, mezclado con el apuro por querer seguir prestando atención a la clase es que prefiero una herramienta como catpurple.net<br />\n<br />\n<br />\n<h3>¿catpurple.net es de código abierto?</h3><br />\nSi. El códgo fuente de catpurple se puede encontrar aquí<br />\n<a target=\"_blank\" href=\"https://gitlab.com/santiagoatgitlab/catpurple\">El codigo fuente de catpurple.net</a><br />\n<br />\n<br />\n<h3>¿catpurple.net es software libre?</h3><br />\nEhhhh... El códgo fuente de catpurple se puede encontrar aquí<br />\n<a target=\"_blank\" href=\"https://gitlab.com/santiagoatgitlab/catpurple\">El codigo fuente de catpurple.net</a><br />\n<br />\n<br />\n<h3>¿es cierto que a catpurple.net lo hicieron los extraterrestres?</h3><br />\nNo, no habría razón para creer eso, ya que catpurple.net no es nada <b>del otro mundo\"</b><br />\n<br />\n<br />\n<h3>¿Porqué la persona que responde las preguntas frecuentes de catpurple.net responde en plural si es una sola?</h3><br />\nNo sabemos<br />\n<br />\n<br />\n<h3>¿Porqué cuando accedo a catpurple.net desde mi dispositivo movil se ve tan horrendo?</h3><br />\n¿porqué no te metés en tus asuntos?<br />\n<br />\n<br />\n<h3>¿cuantos documentales hay en netflix sobre catpurple.net?</h3><br />\nQue sepamos, ninguno<br />\n<br />\n<br />\n<h3>¿Es cierto que el creador de catpurple.net lo hizo solo por el dinero?</h3><br />\n¿¿qué dinero??<br />\n<br />\n<br />\n<h3>¿como compruebo que la entrada de cat/purple/341 titulada \"preguntas frequentes acerca de catpurple.net\" fué escrita por gente vinculada al sitio y no por una persona cualquiera</h3><br />\nNo tenés forma de comprobarlo.','2017-07-18 15:29:54','190.245.8.55','44252',NULL),(71,19,21,3,'El que te acaricia por atrás','2017-07-18 15:31:40','190.244.182.151','49609',NULL),(72,19,21,4,'Viste que fino que estuve?','2017-07-18 15:31:47','190.244.182.151','49610',NULL),(73,20,24,18,'<h3>Dime</h3><b>José Luis Perales</b><br />\n<br />\nDime…<br />\nPor qué la gente no sonríe?<br />\nPor qué las armas en las manos?<br />\nPor qué los hombres mal heridos?<br />\nDime.<br />\nDime…<br />\nPor qué los niños maltratados?<br />\nPor qué los viejos olvidados?<br />\nPor qué los sueños prohibidos?<br />\nDime.<br />\nDímelo Dios, quiero saber.<br />\nDime por qué te niegas a escuchar.<br />\nAún queda alguien que tal vez rezará.<br />\nDímelo Dios, quiero saber.<br />\nDonde se encuentra toda la verdad?<br />\nAún queda alguien que tal vez lo sabrá.<br />\nDime…<br />\nPor qué los cielos ya no lloran?<br />\nPor qué los ríos ya no cantan?<br />\nPor qué los has dejado solos?<br />\nDime.<br />\nDime…<br />\nPor qué las manos inactivas?<br />\nPor qué el mendigo de la calle?<br />\nPor qué las bombas radioactivas?<br />\nDime.<br />\nDímelo Dios, quiero saber.<br />\nDime por qué te niegas a escuchar.<br />\nAún queda alguien que tal vez rezará.<br />\nDímelo Dios quiero saber.<br />\nDonde se encuentra toda la verdad?<br />\nAún queda alguien que tal vez lo sabrá…<br />\nPero yo no…<br />\nDime…<br />\nPor qué la gente no sonríe?<br />\nPor qué las armas en las manos?<br />\nPor qué los hombres mal heridos?<br />\nDime.<br />\nDime…<br />\nPor qué los niños maltratados?<br />\nPor qué los viejos olvidados?<br />\nPor qué los sueños prohibidos<br />\nDime…<br />\nPor qué los cielos ya no lloran?<br />\nPor qué los ríos ya no cantan?<br />\nPor qué los has dejado solos?','2017-07-18 15:35:01','190.245.8.55','52086',NULL),(74,30,31,2,'Alguien se salteo el segundo espacio asi que lo ocupo yo. Puto el que lee.','2017-07-18 15:35:14','190.19.242.37','55682',NULL),(75,24,25,2,'LOS OTROS. Puto el que lee.','2017-07-18 15:35:28','190.19.242.37','55691',NULL),(76,20,24,36,'Hay un montón de MINITASH re tumbler Dr Who que escuchan Cake, les advierto.','2017-07-18 15:36:22','190.245.8.55','53578',NULL),(77,20,24,37,'Te agradezco si me explicás que es una minita tumblr dr. who<br />\nBah. te agradezco mas si me traés una a mi casa.','2017-07-18 15:38:15','190.244.182.151','49660',NULL),(78,21,23,1,'LOS OTROS. PUTO EL QUE LEE.','2017-07-18 15:38:24','190.19.242.37','55850',NULL),(79,24,25,3,'Heterosexual el que escribe.','2017-07-18 15:38:28','190.245.8.55','55798',NULL),(80,21,23,2,'Heterosexual el que escribe.<br />\n<br />\nBisexual el que hace las dos.','2017-07-18 15:38:58','190.245.8.55','56482',NULL),(81,20,24,38,'Andá a Starbucks con un mostacho hipster y fijate que minitas sienten complicidad con vos. Son esas.<br />\n<br />\nIgual creo que son todas cosas que tenían sentido hace 4 años.','2017-07-18 15:40:19','190.245.8.55','58668',NULL),(82,19,21,5,'¿Eso tomás?','2017-07-18 15:41:06','190.245.8.55','59484',NULL),(83,19,21,6,'El que puso tela por atrás','2017-07-18 15:41:30','190.244.182.151','49680',NULL),(84,21,27,3,'AROMA A CACA ES LA MEJOR ANECDOTA DEL MUNDO.<br />\n<br />\nUn amigo en Egelx contó que tenía un compañero que estaba mal de la cabeza.<br />\n<br />\nY que una de las cosas que hacía era escribir en una hoja \"Aroma a caca\", doblarlo a la mitad y pasarselo por el culo, como una muestra de perfume.','2017-07-18 15:42:00','190.245.8.55','32826',NULL),(85,21,21,4,'Gracias por tanto, perdón por tan poco.','2017-07-18 15:44:00','190.245.8.55','36350',NULL),(86,27,32,2,'Hola patito.','2017-07-18 15:44:17','190.245.8.55','36518',NULL),(87,26,29,2,'Vas muy bien.','2017-07-18 15:44:34','190.245.8.55','36910',NULL),(88,26,29,3,'UHHH QUE LINDO COLOR DE RINOCERONTE, LISTO ME QUEDO ACA','2017-07-18 15:44:45','190.245.8.55','37526',NULL),(89,23,31,2,'https://www.youtube.com/watch?v=q-ExSU7zxqc<br />\n<br />\nAguante ratatrampa','2017-07-18 15:47:00','190.245.8.55','39952',NULL),(90,29,21,1,'edfsdfsdfsdfsdf','2017-07-18 15:52:34','190.3.29.84','54874',NULL),(91,29,21,2,'dfdsfsdfsdfsdfs','2017-07-18 15:52:42','190.3.29.84','60439',NULL),(92,29,21,3,'sdfsdfsdfsdfsdf','2017-07-18 15:52:45','190.3.29.84','53570',NULL),(93,19,22,1,'red','2017-07-18 15:53:18','190.3.29.84','50929',NULL),(94,21,22,3,'Manito arriba si venís de LOS OTROS','2017-07-18 16:17:17','190.244.182.151','49753',NULL),(95,21,22,4,'Ahh re que no hay manito','2017-07-18 16:17:25','190.244.182.151','49754',NULL),(96,21,22,5,'Ahh re que nadie viene de otro lado','2017-07-18 16:17:32','190.244.182.151','49755',NULL),(97,21,22,6,'No son el centro del mundo, Otros. Hay interacción acá desde mucho antes de que sepan que existe, y la seguirá habiendo después de que nos aburramos.<br />\n<br />\n-Un Otro.','2017-07-18 16:21:14','190.245.8.55','44062',NULL),(98,22,32,1,'I am a deer. I live in Doriath. King Thingol is whom I serve.','2017-07-18 16:44:10','107.171.228.83','40876',NULL),(99,30,31,5,'me gusta saltear espacios','2017-07-18 17:32:27','181.165.106.83','60463',NULL),(100,30,31,524,'holis','2017-07-18 17:32:48','181.165.106.83','60577',NULL),(101,30,31,4,'Ay, Dios mío, Dios mío... si hasta siempre y desde siempre fueras una mujer ¡Qué lindo escándalo sería! Qué venturosa, espléndida, imposible, prodigiosa blasfemia.','2017-07-18 17:33:45','181.9.129.245','3492',NULL),(102,30,31,6,'OH QUE HAY QUE HACER PARA QUE SIRVE QUE DIFICIL TODO AY','2017-07-18 19:04:17','200.123.195.2','34614',NULL),(103,27,25,9,'gracias','2017-07-18 22:41:41','190.244.182.151','52230',NULL),(104,24,30,1,'voy a retomar mi gorila blanco. <br />\ncon el tiempo y hablando con distintas personas me di cuenta que pertenezco a una nueva casta sacerdotal que se niega a ser admitida como tal y que impone como unico Dios, como unico mandato moral, el reconocimiento irrestricto de todos los deseos, incluso aquellos que podrían hacer estremecer al mas cruel. <br />\nuna nueva humanidad nace de las cenizas de la posmodernidad. nos cansamos de la fria neutralidad hipocrita de las ciencias que nos legaron el positivismo del sXX y aceptamos que detrás de cada premisa hay una llama, la llama de una voluntad, una subjetividad detras de cada premisa, por mas objetiva que se presente. nosotros no escondemos nuestra voluntad detrás de argumentos, nuestro deseo tiene voz y habla así: \"yo soy el deseo. yo no soy general, ni aplicable a todas las cosas, yo no soy LA verdad ni el mundo, pero ante mí el mundo debe doblegarse\" e incluso yo me doblego y me postro ante mi deseo, y hago que todos mis habitos sean consecuentes a mi deseo. <br />\nen eso soy sacerdote. <br />\nen eso soy asceta.','2017-07-19 02:34:24','200.124.184.13','54987',NULL),(105,22,32,2,'Aguante Turin Turambar','2017-07-19 04:02:37','190.244.182.151','52363',NULL),(106,25,23,1,'me gusta chupar culos peludos ope.','2017-07-19 06:08:02','186.23.213.23','58923',NULL),(107,20,24,39,'Hola, el intenso de Cake acá de nuevo, estoy con poca internet así que en estos días tiro lista de temas favoritos.<br />\nTambién amo Doctor Who y no soy minita Tumblr doctor jú. He visto en Buenos Aires pibas con vestido de la Tardis o con merchandising de la serie.','2017-07-19 14:11:23','190.112.32.138','44620',NULL),(108,29,35,640,'No me gusta nada  que ahora cuando entro a la página catpurple me tire los últimos 100 y no los animales para empezar un nuevo post.','2017-07-19 14:17:20','190.112.32.138','44671',NULL),(109,21,23,11341,'A ver que pasa. Probando cosas.','2017-07-19 22:59:43','190.244.182.151','49211','Mozilla/5.0 (X11; Linux x86_64; rv:52.0) Gecko/20100101 Firefox/52.0'),(110,21,22,11341,'Some stuff here. Androidly','2017-07-19 23:04:02','190.244.182.151','58324','Mozilla/5.0 (Linux; U; Android 6.0.1; en-us; Redmi 3S Build/MMB29M) AppleWebKit/537.36 (KHTML, like Gecko) Version/4.0 Chrome/53.0.2785.146 Mobile Safari/537.36 XiaoMi/MiuiBrowser/8.9.5'),(111,30,31,7,'Saltame este espacio.','2017-07-20 01:54:34','181.13.70.141','2483','Mozilla/5.0 (Windows NT 10.0; Win64; x64) AppleWebKit/537.36 (KHTML, like Gecko) Chrome/59.0.3071.115 Safari/537.36'),(112,22,32,4,'Miralos... Como saben que es su cruce?','2017-07-20 04:44:59','190.244.182.151','50838','Mozilla/5.0 (X11; Linux x86_64; rv:52.0) Gecko/20100101 Firefox/52.0'),(113,25,23,2,'bienvenido/a al club :)','2017-07-20 05:41:32','190.112.32.138','59290','Mozilla/5.0 (Windows NT 10.0; Win64; x64) AppleWebKit/537.36 (KHTML, like Gecko) Chrome/59.0.3071.115 Safari/537.36'),(114,24,30,2,'soy una bolsa de boxeo. <br />\nsiempre conozco la peor parte de la gente. <br />\ncuando conozco a alguien enseguida me muestra sus dolores y sus miedos, y si puede me da un par de piñas.<br />\ntodos saben que yo me banco bien las trompadas, que cuando algo me duele me rio y hago chistes, que nunca juzgo, ni en las peores circunstancias... sobre todo eso le gusta a la gente ¿cómo no iban a ser injustos conmigo, si incluso justifico su injusticia?','2017-07-20 06:29:35','200.124.184.13','61689','Mozilla/5.0 (Windows NT 10.0; Win64; x64) AppleWebKit/537.36 (KHTML, like Gecko) Chrome/59.0.3071.115 Safari/537.36'),(115,24,30,3,'odio mi compasión y mi indulgencia con todos. siempre se mas de lo que digo, siempre escucho mas de lo que respondo. siempre miento para no herir, incluso a la gente que es como una puñalada con su honestidad. en el fondo se que no se amar. de eso se trata. el que desea amar debe tambien ser cruel. el que desea amar debe tambien conocer la muerte, tanathos y eros van de la mano. <br />\nen esta epoca en la que todos piden compasión e indulgencia, quién es capaz de matar? quién es capaz de amar? quién es capaz de tragar hasta el ultimo trago de la cicuta del amor y seguir en pie.','2017-07-21 04:58:21','200.124.184.13','51601','Mozilla/5.0 (Windows NT 10.0; Win64; x64) AppleWebKit/537.36 (KHTML, like Gecko) Chrome/59.0.3071.115 Safari/537.36'),(116,24,30,4,'No medirás la llama<br />\ncon palabras dictadas por la tribu,<br />\nno pondrás nombre al fuego,<br />\nno medirás su alcance.<br />\nTodas las llamas son el mismo fuego.<br />\nMi cuerpo es una antorcha que alumbra los espantos<br />\nque la razón constituye en sus tinieblas.<br />\nHay que mirar al cuerpo, muy adentro,<br />\ntocar el centro ardiente, abrirlo y propagar<br />\nel gozo de la lava.<br />\nNo importa en qué caderas,<br />\nen qué pecho resbale,<br />\nno importa la estatura, el sexo o la materia<br />\npues todos caminamos sobre la misma pira.<br />\nNo medirás la llama con palabras que encubren<br />\nlos viejos sentimientos de los hombres.','2017-07-21 05:44:35','200.124.184.13','52083','Mozilla/5.0 (Windows NT 10.0; Win64; x64) AppleWebKit/537.36 (KHTML, like Gecko) Chrome/59.0.3071.115 Safari/537.36'),(117,25,23,3,'Bienvenid@ al culo :)','2017-07-24 13:21:42','181.230.213.89','47580','Mozilla/5.0 (X11; Ubuntu; Linux x86_64; rv:54.0) Gecko/20100101 Firefox/54.0'),(118,25,23,4,'¿Dónde dónde?','2017-07-24 19:52:22','190.112.32.140','49868','Mozilla/5.0 (Windows NT 10.0; Win64; x64) AppleWebKit/537.36 (KHTML, like Gecko) Chrome/59.0.3071.115 Safari/537.36'),(119,29,35,641,'Me alegra que todo haya vuelto a la normalidad :)','2017-07-24 19:52:52','190.112.32.140','49875','Mozilla/5.0 (Windows NT 10.0; Win64; x64) AppleWebKit/537.36 (KHTML, like Gecko) Chrome/59.0.3071.115 Safari/537.36'),(120,29,35,642,'Espero que ahora que podés entrar directamente a la página de los animales hagas muchos post','2017-07-25 04:05:16','190.244.182.151','35573','Mozilla/5.0 (X11; Linux x86_64; rv:52.0) Gecko/20100101 Firefox/52.0'),(121,27,22,1,'La siesta me genera sentimientos encontrados. Por un lado la amo, la disfruto, me genera felicidad poder acostarme y dormir pero cuando despierto siento que desperdicié tiempo y me da culpa. Lo estúpido de todo esto es que no siento que desperdicié tiempo en hacer algo importante, sino que me da culpa no haber visto alguna peli o serie, o haber jugado algo..... Aprovecho este espacio para contarlo.','2017-07-25 19:21:15','190.112.32.140','61095','Mozilla/5.0 (Windows NT 6.1; Win64; x64) AppleWebKit/537.36 (KHTML, like Gecko) Chrome/59.0.3071.115 Safari/537.36'),(122,33,27,621,'Mmmmmmmm creo que me voy a enfermar.','2017-07-26 03:11:52','190.112.32.140','54404','Mozilla/5.0 (Windows NT 10.0; Win64; x64) AppleWebKit/537.36 (KHTML, like Gecko) Chrome/59.0.3071.115 Safari/537.36'),(123,30,31,8,'Eu, 3: peor es cuando los perros te huelen la menstruación. Es como que se coparan, nunca se van de tu entrepierna. Un asco.','2017-07-26 13:36:39','181.13.80.159','2920','Mozilla/5.0 (Linux; Android 5.1.1; HUAWEI SCL-L03 Build/HuaweiSCL-L03) AppleWebKit/537.36 (KHTML, like Gecko) Chrome/57.0.2987.132 Mobile Safari/537.36'),(124,30,31,9,'Me pasa parecido cuando el perro te olfatea el bulto y crees estar limpio (bañado, rompa limpia) pero el perro insiste y me hace pensar que otras personas que me vean van a pensar que estoy sucio, o enwaskado o lo que sea. Odio eso','2017-07-26 20:03:27','190.112.32.140','49950','Mozilla/5.0 (Windows NT 10.0; Win64; x64) AppleWebKit/537.36 (KHTML, like Gecko) Chrome/59.0.3071.115 Safari/537.36'),(125,20,23,1,'alskdjla','2017-07-27 02:49:44','190.244.182.151','41699','Mozilla/5.0 (X11; Linux x86_64; rv:52.0) Gecko/20100101 Firefox/52.0'),(126,21,24,343,'hoy es 28 de julio de 2017','2017-07-28 21:16:04','186.136.126.181','49789','Mozilla/5.0 (Windows NT 6.1; Win64; x64) AppleWebKit/537.36 (KHTML, like Gecko) Chrome/59.0.3071.115 Safari/537.36'),(127,21,24,1,'A las 6.54 empecé a escribir un texto porque no sé,<br />\nrealmente no sé porque, por la manía de escribir,<br />\nporque muchas veces me ordena escribir las cosas o<br />\nencuentro mientras escribo respuestas que sin<br />\nescribir se me escapan o simplemente porque me<br />\nhabía hastiado de ver películas para ese examen<br />\nmaldito y necesitaba hacer algo. Estuve una hora<br />\nescribiéndolo. Era una boludez, o no, o no importa,<br />\nsolo me importaba a mí, solo me servía a mí. Lo perdí<br />\ny pasé una hora más buscando en foros la manera de<br />\nrecuperarlo. No hay manera. Lo que saco de esto es lo<br />\nobstinada que soy, la manía en insistir con cosas que<br />\nestán perdidas. Se parece demasiado a mi vida<br />\nromántica. Hablaba de eso, claro. De cómo por tal y<br />\ncual motivo termino resultándole repulsiva a gente<br />\nque me resulta interesante, en ese ámbito de la vida.<br />\nY más allá de que yo tenga o no características<br />\ninfames universales o esas personas tengan lo mismo<br />\no simplemente sean formas de existencia<br />\nincompatibles; el tema es la obstinación. La<br />\nobstinación y la insistencia y específicamente la<br />\ncreencia infantil, inocente e incoherente de que<br />\npuedo solucionarlo con mis palabras. Cuando son las <br />\nmismas palabras y mi tendencia a expresarme<br />\ndemasiado y demasiado vehementemente, lo que me<br />\ntrae problemas en primera instancia. Decía allá que ya<br />\nno confío en las palabras, las palabras me vienen<br />\ntraicionando hace mucho, estoy en guerra con las<br />\npalabras. También conmigo misma lo que hace todo<br />\nbastante complicado.<br />\nUna vez un amigo muy querido me dijo que no se<br />\npodía estar en guerra con uno mismo y con el mundo<br />\nal mismo tiempo, que a lo sumo si no se podía estar<br />\nen paz con ambos había que elegir. Ultimamente con<br />\namigos sale mucho el tema sinceridad. Del valor y el<br />\nuso de la sinceridad. Y a mí la verdad es que mucho<br />\nno me sirve. Por h o por b, siempre me termina<br />\nperjudicando. También el tema de la intensidad, del<br />\nvalor y uso de las intensidades, otro tema popular<br />\nalrededor mío. Tampoco le encuentro la gracia a la<br />\nintensidad. No le encuentro más la gracia a nada que<br />\ntraiga malestar. Lo cual es irónico porque entonces<br />\ncomo insisto en la insistencia, con personas que me<br />\ntraen malestar. <br />\nBásicamente si hago algo así como un diagrama o<br />\necuación, el resultado es que ser yo misma, al menos<br />\nen este momento, no garpa. Sobre todo la<br />\nobstinación, sumada a la imaginación al pedo que<br />\ntengo que me hace ver belleza en la contradicción<br />\najena, así se haga carne en forma de sufrimiento<br />\npropio. Es como que yo veo la belleza a través -o<br />\nincluso en- lo que considero deformidades<br />\nemocionales, pero nunca vuelve esa forma de<br />\nentender lo “defectuoso” hacia o en mí. Siendo,<br />\ndentro de mi personal locura y oscuridad, una<br />\npersona que al menos es consciente de su locura y<br />\noscuridad; me engancho con personas que están en<br />\ncero en lo que respecta a analizar o ser críticos de sus<br />\nlocuras y oscuridades.<br />\nE insisto e insisto, como una enajenada, en apreciar lo<br />\nque debería ser inapreciable por digamos, orgullo<br />\nbien entendido o mera supervivencia emocional. Soy<br />\ncomo la mantis macho que termina decapitada<br />\ndespués de copular. La diferencia es que la mantis<br />\nmacho no sabe que va a ser decapitada, y yo a esta<br />\naltura ya sé cuando me van a decapitar. pero voy <br />\nigual, irracional y obstinada a copular con mantis<br />\nhembras que me terminan decapitando. Que feo<br />\nescribir estas cosas, además la palabra copular ya es<br />\nmonstruosa sola. Algo así más o menos decía en el<br />\ntexto que se perdió en el éter.<br />\nQue tuve la epifanía de que debo ser algo<br />\nincomprensible a la vez que monstruoso para estos<br />\nmachos humanos con alma de mantis hembra. Que<br />\ndebo ser algo incomprensible y monstruoso, a la vez<br />\nque para mí ellos son misteriosos y mágicos porque<br />\nno sé, porque evidentemente tengo objetos no<br />\nidentificados atravesados en la cabeza que me hacen<br />\nver cosas. ver cosas donde no existen, es claramente<br />\nuna forma de locura. lo peor de esta locura es que no<br />\nes total entonces pienso que estoy cuerda y encima<br />\nsoy obstinada. si al menos pudiera estar loca del todo<br />\ny pasarla bomba en mi mundo de unicornios. Pero no,<br />\nestá el mundo de los unicornios, y después está la<br />\nrealidad, y cuando intento que esas cosas coordinen<br />\nde pronto me doy cuenta que más que unicornios voy<br />\ncoleccionando monstruos, fantasmas y experiencias<br />\ninfernales. Y no es gracioso. No es gracioso pero me <br />\nrío, pero no es gracioso. Pero me río porque, si no me<br />\nrío que voy a hacer, llorar? Daría igual si me<br />\nimportase un cuerno todo, realmente incluso la<br />\npasaría mejor y si pudiera lobotomizarme lo haría<br />\nencantada. (Quisiera estar al menos medicada,<br />\nsimplemente porque tengo la fantasía de que con<br />\nmenos sensibilidad mi imaginación desbocada estaría<br />\na raya y entonces dejaría de flashear unicornios. Y<br />\npodría ser menos adjetival, menos intensa, menos<br />\nobstinada. Más funcional, menos contradictoria y<br />\nmenos insoportable, sobre todo: para mí. Tal vez<br />\npodría amigarme conmigo así y después sentirme<br />\nverdaderamente integrada a la humanidad. Nada en<br />\nexceso es bueno y la hiper-consciencia de los defectos<br />\npropios definitivamente no es algo que ayude a<br />\nmantener algo así como una buena salud mental.) No<br />\nobstante, el tema de los sentimientos como<br />\ninmanejables, la visión del amor para mí es falaz. Así<br />\ncomo creo unicornios, creo que en el fondo TODO se<br />\npuede controlar, incluso los sentimientos humanos.<br />\nTengo esta fantasía megalómana de que un día voy a<br />\npoder controlar lo que siento y sobre todo voy dejar<br />\nde flashear unicornios. Y si estoy equivocada no <br />\nimporta porque por suerte la vida humana es finita.<br />\nLo que sea que pase, conmigo, los unicornios, etc;<br />\ntiene fecha de caducidad. Que placer recordarlo. La<br />\nmuerte, más que morbo o fantasía-emo-escape, es<br />\nuna certeza tranquilizante. Si no supiera que me voy a<br />\nmorir alguna vez, dudo que pudiera tener sentido del<br />\nhumor eventualmente. Y si alguien llega a<br />\ndemostrarme que la reencarnación existe y estoy<br />\ncondenada al loop de fracaso en cuanto a la guerra y<br />\nlos unicornios, probablemente le escupiría en la cara.','2017-07-28 22:04:12','186.136.126.181','50047','Mozilla/5.0 (Windows NT 6.1; Win64; x64) AppleWebKit/537.36 (KHTML, like Gecko) Chrome/59.0.3071.115 Safari/537.36'),(128,21,23,3,'Soy puto y no sé leer.','2017-08-01 00:05:26','181.167.87.78','20285','Mozilla/5.0 (Windows NT 10.0; Win64; x64) AppleWebKit/537.36 (KHTML, like Gecko) Chrome/59.0.3071.115 Safari/537.36'),(129,27,25,10,'Nada más impersonal que la receta de un tercero.','2017-08-01 00:06:08','181.167.87.78','20362','Mozilla/5.0 (Windows NT 10.0; Win64; x64) AppleWebKit/537.36 (KHTML, like Gecko) Chrome/59.0.3071.115 Safari/537.36'),(130,28,25,1,'Me gustaría que haya más gente escribiendo cosas por acá.','2017-08-01 00:06:33','181.167.87.78','20392','Mozilla/5.0 (Windows NT 10.0; Win64; x64) AppleWebKit/537.36 (KHTML, like Gecko) Chrome/59.0.3071.115 Safari/537.36'),(131,28,25,2,'A mí también.','2017-08-01 00:54:27','190.244.182.231','60676','Mozilla/5.0 (X11; Linux x86_64; rv:52.0) Gecko/20100101 Firefox/52.0'),(132,28,25,3,'Debes vengar mi muerte, kimba','2017-08-01 00:54:52','190.244.182.231','60684','Mozilla/5.0 (X11; Linux x86_64; rv:52.0) Gecko/20100101 Firefox/52.0'),(133,23,25,1,'Recuerdan cuando Belinda en algún recital de mierda rompió una guitarra, pero fue demasiado obvio que la guitarra estaba arreglada para que se rompa y quedó en actitud rockerita poser megacheta que no sabe agarrar un arma?<br />\nSino se acuerdas busco el video, pero no sé si seguirá existiendo.<br />\n<br />\n<br />\n<br />\nExiste.<br />\nhttps://youtu.be/1l9jRwQbtrY?t=5m14s<br />\n<br />\nEs el que mejor se ve, pero el que peor se escucha. Creo que es una victoria desde donde se lo mire.','2017-08-01 04:05:48','181.167.87.78','36489','Mozilla/5.0 (Windows NT 6.1; Win64; x64) AppleWebKit/537.36 (KHTML, like Gecko) Chrome/59.0.3071.115 Safari/537.36'),(134,23,25,2,'No conocía a esa cantante. Pero a propósito de esa canción. ¿Sabían que la intro viene de <a href=\"https://www.youtube.com/watch?v=M85l1qW8x18\" target=\"_blank\">Esta canción</a>?.','2017-08-01 20:28:05','190.244.182.231','34003','Mozilla/5.0 (X11; Linux x86_64; rv:52.0) Gecko/20100101 Firefox/52.0'),(135,23,25,3,'NO NOOOOOOOOOOOOOOooo ¡La canción de los Unicornios no es original de los charros!<br />\n<br />\n<br />\nTengo que replantearme un montón de cosas.','2017-08-02 09:44:41','190.245.8.55','36082','Mozilla/5.0 (X11; Ubuntu; Linux x86_64; rv:54.0) Gecko/20100101 Firefox/54.0'),(136,23,25,4,'Y el de Shakira está mas que nada robado de acá<br />\nhttps://www.youtube.com/watch?v=8QeoJNawiLI','2017-08-02 10:01:30','190.245.8.55','57274','Mozilla/5.0 (X11; Ubuntu; Linux x86_64; rv:54.0) Gecko/20100101 Firefox/54.0'),(137,23,25,5,'WOW! Quedé todo sorpresa con ese dato, me pasó como al anterior, pensaba que la canción era de los Charros =/. Sí sabía lo de Wycleaf Jean porque Shakira le pidió que le esvriba/produzca un éxito. Tuve un ex que era mega fanático de Shakira y por mega fanático me refiero a que lloraba en sus recitales, iba a ver si la veía en el hotel.... <br />\n<br />\nComo verán la relación me dejó datos re interesantes (?)','2017-08-02 12:17:09','181.167.87.78','20496','Mozilla/5.0 (Windows NT 10.0; Win64; x64) AppleWebKit/537.36 (KHTML, like Gecko) Chrome/59.0.3071.115 Safari/537.36'),(138,23,25,6,'Lo que también me sorprende es que no conozcas a Belinda. En lo personal odio ese tipo de música y cantantes, pero es una piba bastante conocida. Recuerdo que hasta tenía una novelita en algún momento.','2017-08-02 12:24:45','181.167.87.78','20644','Mozilla/5.0 (Windows NT 10.0; Win64; x64) AppleWebKit/537.36 (KHTML, like Gecko) Chrome/59.0.3071.115 Safari/537.36'),(139,23,25,7,'Yo (El de Los Charros) tampoco conozco a Belinda, aunque me suena algo de una novela con una tipa de ese nombre.','2017-08-02 14:40:08','190.220.247.130','47450','Mozilla/5.0 (X11; Ubuntu; Linux x86_64; rv:54.0) Gecko/20100101 Firefox/54.0'),(140,23,25,8,'Belinda Mesa.','2017-08-02 14:40:14','190.220.247.130','47558','Mozilla/5.0 (X11; Ubuntu; Linux x86_64; rv:54.0) Gecko/20100101 Firefox/54.0'),(141,23,25,9,'Si, que linda mesa','2017-08-03 14:53:37','190.244.182.231','36955','Mozilla/5.0 (X11; Linux x86_64; rv:52.0) Gecko/20100101 Firefox/52.0'),(142,23,25,10,'Jajaja, tampoco es que se perdieron de nada por no conocer a la pibita esta. Los videos de ayer me recordaron más cosas de épocas pasadas, como la bandita Moderato, los recuerdan? Prometían rock glam y cantaban un popcito barato con la voz de Emanuel Ortega.<br />\nhttps://www.youtube.com/watch?v=TIi69D8CpjU','2017-08-03 18:08:53','181.167.87.78','26310','Mozilla/5.0 (Windows NT 10.0; Win64; x64) AppleWebKit/537.36 (KHTML, like Gecko) Chrome/59.0.3071.115 Safari/537.36'),(143,23,25,11,'\"Si mi delito es rockear, si mi delito es rockear\"<br />\nBueno, tranqui campeón que te absuelven.','2017-08-03 18:09:54','181.167.87.78','26344','Mozilla/5.0 (Windows NT 10.0; Win64; x64) AppleWebKit/537.36 (KHTML, like Gecko) Chrome/59.0.3071.115 Safari/537.36'),(144,23,25,12,'Canta parecido a Micky vainilla','2017-08-03 20:28:40','190.244.182.231','38701','Mozilla/5.0 (X11; Linux x86_64; rv:52.0) Gecko/20100101 Firefox/52.0'),(145,30,28,1,'<b>Ultimas novedades en catpurple.net</b><br />\r\n<br />\r\n<br />\r\n-Se pueden editar las entradas (sólo las propias) hasta una hora después de haberlas ingresado (yendo a la entrada y botón edit)<br />\r\n-Modo read only: no muestra los lugares vacíos (<a href=\"/pig/black/ro\">ejemplo</a>)<br />\r\n-Modo segmento: podes seleccionar un rango de entradas para mostrar (<a href=\"/scorpion/yellow/3-7\">ejemplo</a>)<br />\r\n-Al entrar a una pagina Animal/color se cargan todas las entradas automáticamente<br />\r\n-Barra de navegación (está a la vista, según en que página estés las flechas te llevan a distintos lados)','2017-08-04 00:30:09','190.244.182.231','39295','Mozilla/5.0 (X11; Linux x86_64; rv:52.0) Gecko/20100101 Firefox/52.0'),(146,23,25,13,'Yo creo que le robó un poco a Ale Sergi.','2017-08-04 00:53:00','181.167.87.78','50686','Mozilla/5.0 (Windows NT 6.1; Win64; x64) AppleWebKit/537.36 (KHTML, like Gecko) Chrome/60.0.3112.78 Safari/537.36'),(147,24,30,5,'Esto encontré en un cuaderno que usaba de catarsis: <br />\n<br />\nEsa fue la epifanía que tuve. Deseé vivenciar un estado tal de plenitud que justificara todos los pecados y todos los dolores. Una felicidad y una plenitud tales que justificaran todo el dolor de la historia, todos los holocaustos y las guerras, que ante la pregunta \"repetirías tu vida exactamente igual a como la has vivido?\" hiciera surgir un rotundo SI, REPETIRÍA MI VIDA INFINITAS VECES SOLO PARA REPETIR ESTE MOMENTO. REPETIRÍA LA HISTORIA ENTERA DE LA HUMANIDAD SOLO PARA REPETIR ESTE MOMENTO. A eso apunta mi voluntad, a ese estado, a ese momento. Y aveces puedo intuirlo, como una meta lejana y a la vez muy cercana. Eso es lo que llamo REDENCION, un momento que sea capaz de redimir todos los pecados, los pecados propios y los pecados de toda la historia. Considero que cada uno de nosotros lleva en su interior toda la historia de la humanidad, todo el cumulo de sinsentido que es la historia de la humanidad, todo ese juego de fuerzas y de animales comiendose unos a otros pide en nuestro interior que se le de sentido, que se le redima, que se diga \"sí, todo esto pasó, pero pasó para que hoy pudiera existir este momento\".<br />\n<br />\nahora lo dejo acá, para ver si llega a alguien que sea capaz de entender esta palabra, esta vivencia.','2017-08-04 01:03:12','200.124.184.13','58671','Mozilla/5.0 (Windows NT 10.0; Win64; x64) AppleWebKit/537.36 (KHTML, like Gecko) Chrome/59.0.3071.115 Safari/537.36'),(148,24,29,193,'Me re gusta todo lo que escribís, Gorilla White','2017-08-04 01:17:01','190.244.182.231','39581','Mozilla/5.0 (X11; Linux x86_64; rv:52.0) Gecko/20100101 Firefox/52.0'),(149,32,29,1341,'-La leyenda de ron burgundy<br />\r\n-Capitán fantástico<br />\r\n-Defendiendo tu vida<br />\r\n-Year one<br />\r\n-The invention of lie<br />\r\n-Tron<br />\r\n-The fountain<br />\r\n-Pi, the chaos theory<br />\r\n-Frenquency','2017-08-06 19:57:14','170.51.95.60','52721','Mozilla/5.0 (Linux; U; Android 6.0.1; en-us; Redmi 3S Build/MMB29M) AppleWebKit/537.36 (KHTML, like Gecko) Version/4.0 Chrome/53.0.2785.146 Mobile Safari/537.36 XiaoMi/MiuiBrowser/9.0.3'),(150,23,25,14,'Recuerdan cuando Panam decidió convertirse en un ícono infantil y le pareció buena idea meter una canción donde los mosquitos le metían la pija dura, digo la picadura?<br />\nhttps://www.youtube.com/watch?v=A-XpduT3-yc','2017-08-08 02:51:50','181.167.87.78','60140','Mozilla/5.0 (Windows NT 6.1; Win64; x64) AppleWebKit/537.36 (KHTML, like Gecko) Chrome/60.0.3112.90 Safari/537.36'),(151,23,25,15,'PAPIS VENGAN AL SHOW','2017-08-08 02:53:05','181.167.87.78','60247','Mozilla/5.0 (Windows NT 6.1; Win64; x64) AppleWebKit/537.36 (KHTML, like Gecko) Chrome/60.0.3112.90 Safari/537.36'),(152,23,25,16,'No pude terminar de ver el video de panam. Lo siento','2017-08-08 15:19:37','190.244.182.231','42988','Mozilla/5.0 (X11; Linux x86_64; rv:52.0) Gecko/20100101 Firefox/52.0'),(153,23,25,17,'Lo de la <a href=\"https://www.youtube.com/watch?v=GuW_T3RP1TE\">canción del chavo</a> los sabían todos ¿no?','2017-08-08 15:24:14','190.244.182.231','43036','Mozilla/5.0 (X11; Linux x86_64; rv:52.0) Gecko/20100101 Firefox/52.0'),(154,23,25,18,'Yo debo decir que sí. Como también tenía este cover de los Beatles.<br />\r\nhttps://www.youtube.com/watch?v=7y-maS9qNuk<br />\r\n<br />\r\nEs entendible lo de Panam.','2017-08-09 01:36:52','181.167.87.78','59880','Mozilla/5.0 (Windows NT 6.1; Win64; x64) AppleWebKit/537.36 (KHTML, like Gecko) Chrome/60.0.3112.90 Safari/537.36'),(155,23,25,19,'Recuerdan cuando Verón hizo una publicidad bizarra de Frenchitas, tipo corriendo en orto porque 90\'s?<br />\nhttps://www.youtube.com/watch?v=WpJes5XU_cQ','2017-08-09 08:13:52','181.167.87.78','29869','Mozilla/5.0 (Windows NT 10.0; Win64; x64) AppleWebKit/537.36 (KHTML, like Gecko) Chrome/60.0.3112.90 Safari/537.36'),(156,23,25,20,'Ver esa publicidad me hizo recordar cuando el mono Burgos hacía música.<br />\nhttps://www.youtube.com/watch?v=qzd5dM4XJ7k','2017-08-09 08:15:37','181.167.87.78','29972','Mozilla/5.0 (Windows NT 10.0; Win64; x64) AppleWebKit/537.36 (KHTML, like Gecko) Chrome/60.0.3112.90 Safari/537.36'),(157,30,23,26,'Hola','2017-08-12 05:05:03','190.195.127.80','58826','Mozilla/5.0 (Linux; Android 7.0; FRD-L04 Build/HUAWEIFRD-L04) AppleWebKit/537.36 (KHTML, like Gecko) Chrome/59.0.3071.125 Mobile Safari/537.36'),(158,30,23,27,'jejee','2017-08-12 21:44:11','190.244.182.231','55053','Mozilla/5.0 (X11; Linux x86_64; rv:52.0) Gecko/20100101 Firefox/52.0'),(159,30,23,28,'<a href=\"https://www.youtube.com/watch?v=bLi8lVu4aDY\">Honey, don\'t be weird</a>','2017-08-12 21:46:00','190.244.182.231','55103','Mozilla/5.0 (X11; Linux x86_64; rv:52.0) Gecko/20100101 Firefox/52.0'),(160,23,25,21,'¿De que tema de Los Beatles es cover el de El Chavo?<br />\r\n<br />\r\nAh, perdón, a penas escribí eso google \"Buenas noches vecindad Los Beatles\" y me respondí solo<br />\r\nhttps://vimeo.com/191844291<br />\r\n<br />\r\nAguante la función de editar, la página está re buena.<br />\r\n<br />\r\n<br />\r\nEdito de vuelta para decir que la versión de El Chavo es muchísimo mejor.','2017-08-12 23:11:31','190.245.8.55','60914','Mozilla/5.0 (X11; Ubuntu; Linux x86_64; rv:54.0) Gecko/20100101 Firefox/54.0'),(161,23,25,22,'No podría estar más en desacuerdo, no me gusta como canta Bolaños ni tampoco me gusta mucho el Chavo. Sí por el contrario me gusta el Chapulin.','2017-08-15 20:09:27','181.167.87.78','26416','Mozilla/5.0 (Windows NT 10.0; Win64; x64) AppleWebKit/537.36 (KHTML, like Gecko) Chrome/60.0.3112.90 Safari/537.36'),(162,24,29,60,'And i can\'t feel anything but gratitude for every single moment of my stupid little life','2017-08-20 06:18:20','190.244.182.231','50188','Mozilla/5.0 (X11; Linux x86_64; rv:55.0) Gecko/20100101 Firefox/55.0'),(163,24,29,140,'You have no idea what i\'m talking about but don\'t worry, you will someday','2017-08-20 06:18:48','190.244.182.231','50190','Mozilla/5.0 (X11; Linux x86_64; rv:55.0) Gecko/20100101 Firefox/55.0'),(164,26,24,2,'Ostentar.','2017-08-21 18:00:59','190.245.8.55','52782','Mozilla/5.0 (X11; Ubuntu; Linux x86_64; rv:54.0) Gecko/20100101 Firefox/54.0'),(165,31,26,1,'Qué diablos tengo que hacer con esto','2017-08-23 18:48:44','190.2.37.45','5318','Mozilla/5.0 (Windows NT 6.1; Win64; x64) AppleWebKit/537.36 (KHTML, like Gecko) Chrome/60.0.3112.101 Safari/537.36'),(166,31,26,2,'Por que hay tanto texto para agregar?','2017-08-23 18:49:00','190.2.37.45','5324','Mozilla/5.0 (Windows NT 6.1; Win64; x64) AppleWebKit/537.36 (KHTML, like Gecko) Chrome/60.0.3112.101 Safari/537.36'),(167,21,31,2,'no entiendo','2017-08-23 18:52:14','181.167.118.38','52048','Mozilla/5.0 (X11; Linux x86_64) AppleWebKit/537.36 (KHTML, like Gecko) Chrome/57.0.2987.133 Safari/537.36'),(168,20,29,1,'garlopa fresca para la visita','2017-08-23 20:01:26','200.16.126.142','59911','Mozilla/5.0 (Macintosh; Intel Mac OS X 10_12_3) AppleWebKit/537.36 (KHTML, like Gecko) Chrome/60.0.3112.101 Safari/537.36'),(169,20,29,2,'tu hermana delira con mis habilidades para contar chistes','2017-08-23 20:01:57','200.16.126.142','59936','Mozilla/5.0 (Macintosh; Intel Mac OS X 10_12_3) AppleWebKit/537.36 (KHTML, like Gecko) Chrome/60.0.3112.101 Safari/537.36'),(170,31,26,5,'Hola. ¿como llegaste acá? Hay mucho texto para agregar porque este es un sitio generoso','2017-08-24 03:28:55','190.244.182.231','46640','Mozilla/5.0 (X11; Linux x86_64; rv:55.0) Gecko/20100101 Firefox/55.0'),(171,21,31,3,'¿cual de todas las cosas del mundo no estás entendiendo?','2017-08-24 03:29:34','190.244.182.231','46658','Mozilla/5.0 (X11; Linux x86_64; rv:55.0) Gecko/20100101 Firefox/55.0'),(172,21,31,4,'Yo también hay muchas cosas que no entiendo. Porqué pusieron en el sobre la boleta de Elisa Carrió por ejemplo','2017-08-24 03:30:23','190.244.182.231','46664','Mozilla/5.0 (X11; Linux x86_64; rv:55.0) Gecko/20100101 Firefox/55.0'),(173,30,31,10,'Vengo a postear a pesar de la depresión<br />\nPostear es una palabra re vieja, no?<br />\nEn fin, si escrachara un baño hoy pondría:<br />\nTonto el que lee','2017-08-25 00:51:20','181.9.123.94','7155','Mozilla/5.0 (Linux; Android 5.1.1; HUAWEI SCL-L03 Build/HuaweiSCL-L03) AppleWebKit/537.36 (KHTML, like Gecko) Chrome/57.0.2987.132 Mobile Safari/537.36'),(174,29,34,1,'Que carajo es esto?','2017-08-25 15:11:52','200.42.13.194','52345','Mozilla/5.0 (Windows NT 6.1; Win64; x64) AppleWebKit/537.36 (KHTML, like Gecko) Chrome/60.0.3112.101 Safari/537.36'),(175,29,34,2,'<a href=\"http://catpurple.net/cat/purple/341\">acá se responde a esa pregunta</a>','2017-08-26 18:28:51','190.244.182.231','56480','Mozilla/5.0 (X11; Linux x86_64; rv:55.0) Gecko/20100101 Firefox/55.0'),(176,27,21,1,'jeje, tardé un rato en leer las preguntas frecuentes pero fue divertido. Luego me dí cuenta que en realidad no son preguntas frecuentes, sino preguntas poco frecuentes, y de muy pocas personas, tal vez una sola, y quizás se las preguntó una sola vez.  Por otro lado me manifiesto a favor de que se agregue FOX como otra opción de animalito.</P>','2017-08-28 18:10:59','201.177.9.197','59250','Mozilla/5.0 (X11; Linux x86_64; rv:55.0) Gecko/20100101 Firefox/55.0'),(177,27,21,2,'aborto la exigencia de la creación del zorro. Ya me encariñé con el patito.s','2017-08-28 18:16:35','201.177.9.197','59272','Mozilla/5.0 (X11; Linux x86_64; rv:55.0) Gecko/20100101 Firefox/55.0'),(178,21,23,4,'MACRI HETERO.','2017-09-09 19:00:05','181.46.131.122','62123','Mozilla/5.0 (Windows NT 6.1) AppleWebKit/537.36 (KHTML, like Gecko) Chrome/60.0.3112.113 Safari/537.36'),(179,21,23,5,'MACRI CHETERO','2017-09-09 21:27:47','190.245.8.55','60868','Mozilla/5.0 (X11; Ubuntu; Linux x86_64; rv:54.0) Gecko/20100101 Firefox/54.0'),(180,30,31,11,'Dónde estaaaaan, losotros donde estan?','2017-10-27 16:59:39','190.175.95.49','60223','Mozilla/5.0 (Linux; Android 5.1.1; HUAWEI SCL-L03 Build/HuaweiSCL-L03) AppleWebKit/537.36 (KHTML, like Gecko) Chrome/60.0.3112.116 Mobile Safari/537.36'),(181,22,21,3,'IMPORTANTES<br />\n<br />\n-Duke nukem 3d<br />\n-Blood<br />\n-Rayman<br />\n-Fillets<br />\n-Pandemonium<br />\n-Dungeon keeper<br />\n-Command and conquer<br />\n-Command and concquer: Tiberian sun<br />\n-The incredible machine<br />\n-Carmaggedon<br />\n-Big red racing<br />\n-Lomax<br />\n-NHL 98<br />\n-World cup 98<br />\n-Frogger<br />\n-Worms 2<br />\n-War gods<br />\n-Batman forever<br />\n-Daytona usa<br />\n<br />\nNO TAN IMPORTANTES<br />\n<br />\n-Hexen<br />\n-Comix zone<br />\n-Hercules<br />\n-Total soccer<br />\n-Need for speed<br />\n-Sega rally championship<br />\n-Shadow warrior<br />\n-Rise of the triad<br />\n-Street fighter','2017-10-30 22:27:32','190.244.183.206','60413','Mozilla/5.0 (X11; Linux x86_64; rv:52.0) Gecko/20100101 Firefox/52.0'),(182,19,26,1,'Extraño un poquito lo que era esto.','2017-11-02 05:52:23','181.167.71.127','45667','Mozilla/5.0 (Windows NT 6.1; Win64; x64) AppleWebKit/537.36 (KHTML, like Gecko) Chrome/61.0.3163.100 Safari/537.36'),(183,19,26,2,'¡Hagamos algo al respecto, señor elefante verde!','2017-11-02 14:58:55','190.220.247.130','59616','Mozilla/5.0 (X11; Ubuntu; Linux x86_64; rv:54.0) Gecko/20100101 Firefox/54.0'),(184,19,26,3,'hello world','2017-11-09 18:06:09','181.171.241.118','54942','Mozilla/5.0 (Macintosh; Intel Mac OS X 10_10_5) AppleWebKit/603.3.8 (KHTML, like Gecko) Version/10.1.2 Safari/603.3.8'),(185,19,26,4,'Cuénteme qué se puede hacer!','2017-11-21 06:46:09','186.137.29.161','52816','Mozilla/5.0 (Windows NT 6.1; Win64; x64) AppleWebKit/537.36 (KHTML, like Gecko) Chrome/62.0.3202.94 Safari/537.36'),(186,24,23,5,'hjjgjhj','2017-11-30 12:52:13','190.111.255.140','51541','Mozilla/5.0 (Macintosh; Intel Mac OS X 10_12_6) AppleWebKit/604.1.38 (KHTML, like Gecko) Version/11.0 Safari/604.1.38'),(187,24,23,4,'nbmmn','2017-11-30 12:52:18','190.111.255.140','51541','Mozilla/5.0 (Macintosh; Intel Mac OS X 10_12_6) AppleWebKit/604.1.38 (KHTML, like Gecko) Version/11.0 Safari/604.1.38'),(188,24,23,3,'mmbmnbm','2017-11-30 12:52:22','190.111.255.140','51541','Mozilla/5.0 (Macintosh; Intel Mac OS X 10_12_6) AppleWebKit/604.1.38 (KHTML, like Gecko) Version/11.0 Safari/604.1.38'),(189,24,23,1,'mnbmbm','2017-11-30 12:52:29','190.111.255.140','51552','Mozilla/5.0 (Macintosh; Intel Mac OS X 10_12_6) AppleWebKit/604.1.38 (KHTML, like Gecko) Version/11.0 Safari/604.1.38'),(190,24,23,2,'ñlkñkñ','2017-11-30 12:52:34','190.111.255.140','51555','Mozilla/5.0 (Macintosh; Intel Mac OS X 10_12_6) AppleWebKit/604.1.38 (KHTML, like Gecko) Version/11.0 Safari/604.1.38'),(191,20,22,1,'Soy el primero de este 2018','2018-01-23 05:56:08','181.167.208.27','22782','Mozilla/5.0 (Windows NT 6.1; Win64; x64) AppleWebKit/537.36 (KHTML, like Gecko) Chrome/63.0.3239.132 Safari/537.36'),(192,29,25,78,'56663','2018-01-25 17:04:59','113.89.239.196','13094','Mozilla/5.0 (Windows NT 10.0; WOW64) AppleWebKit/537.36 (KHTML, like Gecko) Chrome/63.0.3239.132 Safari/537.36'),(193,29,25,132,'JJJJJJJJJJJJJJJJJJJ','2018-01-25 17:05:07','113.89.239.196','15607','Mozilla/5.0 (Windows NT 10.0; WOW64) AppleWebKit/537.36 (KHTML, like Gecko) Chrome/63.0.3239.132 Safari/537.36'),(194,30,31,12,'Yo estoy acá.','2018-02-21 22:56:45','186.139.50.94','53365','Mozilla/5.0 (Windows NT 6.1; rv:58.0) Gecko/20100101 Firefox/58.0'),(195,19,26,5,'¡Volvamos a hacer grande Catpurple!','2018-05-22 23:18:15','186.23.91.247','35400','Mozilla/5.0 (X11; Ubuntu; Linux x86_64; rv:60.0) Gecko/20100101 Firefox/60.0'),(196,22,21,4,'Hola autor del 3.<br />\n<br />\nNo sé cual es el criterio, pero Comix Zone es importante. Siempre. En todos los criterios.','2018-05-22 23:21:00','186.23.91.247','35418','Mozilla/5.0 (X11; Ubuntu; Linux x86_64; rv:60.0) Gecko/20100101 Firefox/60.0'),(197,21,29,1,'Las cosas no son exactamente como piensas','2018-05-22 23:31:14','190.226.180.76','62761','Mozilla/5.0 (Linux; Android 7.0; SM-J710MN Build/NRD90M; wv) AppleWebKit/537.36 (KHTML, like Gecko) Version/4.0 Chrome/64.0.3282.137 Mobile Safari/537.36 [FB_IAB/FB4A;FBAV/172.0.0.66.93;]'),(198,21,23,6,'zachero sos divine','2018-05-22 23:33:21','190.16.117.124','49240','Mozilla/5.0 (Windows NT 6.1; Win64; x64) AppleWebKit/537.36 (KHTML, like Gecko) Chrome/66.0.3359.181 Safari/537.36'),(199,19,26,6,'Me gusta hacerlo con los peces.','2018-05-22 23:35:50','186.141.134.9','25071','Mozilla/5.0 (Linux; Android 6.0.1; SM-J710MN Build/MMB29K) AppleWebKit/537.36 (KHTML, like Gecko) Chrome/66.0.3359.158 Mobile Safari/537.36'),(200,21,23,7,'Entrar a la seccion de gato violeta en una pagina llamada cat purple es re mainstream chicos','2018-05-22 23:36:00','181.47.137.59','34228','Mozilla/5.0 (Windows NT 10.0; Win64; x64) AppleWebKit/537.36 (KHTML, like Gecko) Chrome/66.0.3359.181 Safari/537.36'),(201,29,31,1,'Life will get better... Don\'t give up','2018-05-22 23:36:57','186.123.129.18','50488','Mozilla/5.0 (Windows NT 6.1; Win64; x64) AppleWebKit/537.36 (KHTML, like Gecko) Chrome/66.0.3359.181 Safari/537.36'),(202,30,31,17,'So, te enfrentaste a todos los fantasmas. Y ahora?<br />\nGarchamo\' Verdi?','2018-05-23 00:06:20','190.175.124.28','53979','Mozilla/5.0 (Linux; Android 5.1.1; HUAWEI SCL-L03 Build/HuaweiSCL-L03) AppleWebKit/537.36 (KHTML, like Gecko) Version/4.0 Chrome/39.0.0.0 Mobile Safari/537.36 [FB_IAB/FB4A;FBAV/167.0.0.42.94;]'),(203,30,31,18,'Verdi:<br />\nPuede ser, vas a tener que ser mas específicX de con quien tengo que garhcar. Pero ¿Que fantasmas?','2018-05-23 00:07:57','186.23.91.247','36378','Mozilla/5.0 (X11; Ubuntu; Linux x86_64; rv:60.0) Gecko/20100101 Firefox/60.0'),(204,22,21,5,'Jaja. Son los juegos que fueron importantes en mi vida. <br />\nAutor del 3','2018-05-23 00:09:29','190.191.87.92','59664','Mozilla/5.0 (X11; Linux x86_64; rv:52.0) Gecko/20100101 Firefox/52.0'),(205,22,21,6,'Reitero, señor 3 y 5, el Comix Zone es importante siempre.<br />\nTambién para tu vida.<br />\nLo sepas o no.','2018-05-23 00:12:19','186.23.91.247','36412','Mozilla/5.0 (X11; Ubuntu; Linux x86_64; rv:60.0) Gecko/20100101 Firefox/60.0'),(206,28,21,1,'Rooooooooooooooooooar','2018-05-23 00:13:12','190.18.53.44','51119','Mozilla/5.0 (Windows NT 6.1) AppleWebKit/537.36 (KHTML, like Gecko) Chrome/66.0.3359.181 Safari/537.36'),(207,31,23,1,'Voy a escribir hasta entenderle la gracia a esto.','2018-05-23 00:13:33','152.171.72.154','56877','Mozilla/5.0 (Linux; Android 4.2.2; Lenovo B8000-F Build/JDQ39) AppleWebKit/537.36 (KHTML, like Gecko) Chrome/66.0.3359.158 Safari/537.36'),(208,31,23,2,'Soy una doña','2018-05-23 00:13:43','152.171.72.154','56878','Mozilla/5.0 (Linux; Android 4.2.2; Lenovo B8000-F Build/JDQ39) AppleWebKit/537.36 (KHTML, like Gecko) Chrome/66.0.3359.158 Safari/537.36'),(209,21,23,9,'zachero es quien?','2018-05-23 00:17:17','190.191.87.92','59760','Mozilla/5.0 (X11; Linux x86_64; rv:52.0) Gecko/20100101 Firefox/52.0'),(210,28,21,2,'AWIMBAWE AWIMBAWE <br />\nAWIMBAWE AWIMBAWE <br />\nAWIMBAWE AWIMBAWE <br />\nAWIMBAWE AWIMBAWE <br />\nUIIIIIIIIIIIIIIIIIIIIIIIIII<br />\nURIRURURUIIIAMBAMBAWÉ<br />\nUIIIIIIIIIIIIIIIIIIIIIIIIII<br />\nURIRURURUIIIAMBAMBAWÉ','2018-05-23 00:18:51','186.23.91.247','36494','Mozilla/5.0 (X11; Ubuntu; Linux x86_64; rv:60.0) Gecko/20100101 Firefox/60.0'),(211,19,28,1,'Odio pasarme el día acostada en la cama y no tener nada para hacer. Hace meses que espero que el año \"empiece\" cuando claramente ya empezó y la realidad es que soy una fracasada que no sale de su zona de  confor','2018-05-23 00:24:03','190.138.99.218','39549','Mozilla/5.0 (Linux; Android 4.4.2; SM-G313MU Build/KOT49H) AppleWebKit/537.36 (KHTML, like Gecko) Version/4.0 Chrome/30.0.0.0 Mobile Safari/537.36[FBAN/EMA;FBLC/es_LA;FBAV/94.0.0.8.182;]'),(212,22,21,8,'Pero no recuerdo que haya sido muy importante en mi vida. Recuerdo que cuando el tipo mataba a un enemigo tosía 2 veces y después decía \"see ya!\"<br />\nPero para mi decía silla','2018-05-23 00:26:47','190.191.87.92','59826','Mozilla/5.0 (X11; Linux x86_64; rv:52.0) Gecko/20100101 Firefox/52.0'),(213,22,22,6,'Hay gente que está para vos.','2018-05-23 00:27:25','190.18.53.44','51217','Mozilla/5.0 (Windows NT 6.1) AppleWebKit/537.36 (KHTML, like Gecko) Chrome/66.0.3359.181 Safari/537.36'),(214,31,28,11,'Me gusta Laura Serena Fantuzzi','2018-05-23 00:31:28','190.191.87.92','59896','Mozilla/5.0 (X11; Linux x86_64; rv:52.0) Gecko/20100101 Firefox/52.0'),(215,21,34,1,'Existing is awesome. I hope Elon makes it to Mars. Go watch The Office if you haven\'t. Get a VR set and go play with random people.','2018-05-23 00:38:02','190.245.100.134','57764','Mozilla/5.0 (Windows NT 6.3; Win64; x64) AppleWebKit/537.36 (KHTML, like Gecko) Chrome/66.0.3359.181 Safari/537.36'),(216,28,21,3,'In the jungle<br />\nthe mighty jungle<br />\nthe Lion sleeps toniiiiight','2018-05-23 00:45:16','190.245.100.134','57929','Mozilla/5.0 (Windows NT 6.3; Win64; x64) AppleWebKit/537.36 (KHTML, like Gecko) Chrome/66.0.3359.181 Safari/537.36'),(217,26,33,5,'Hay una canción de smashing pumpkins que se llama \"rhinoceros\"','2018-05-23 00:46:56','190.191.87.92','60006','Mozilla/5.0 (X11; Linux x86_64; rv:52.0) Gecko/20100101 Firefox/52.0'),(218,31,28,12,'cobarde','2018-05-23 00:53:46','190.245.100.134','58111','Mozilla/5.0 (Windows NT 6.3; Win64; x64) AppleWebKit/537.36 (KHTML, like Gecko) Chrome/66.0.3359.181 Safari/537.36'),(219,21,22,7,'basta de bajar linea verdi','2018-05-23 00:57:13','190.245.100.134','58204','Mozilla/5.0 (Windows NT 6.3; Win64; x64) AppleWebKit/537.36 (KHTML, like Gecko) Chrome/66.0.3359.181 Safari/537.36'),(220,21,31,666,'JAMON','2018-05-23 00:59:57','190.245.100.134','58257','Mozilla/5.0 (Windows NT 6.3; Win64; x64) AppleWebKit/537.36 (KHTML, like Gecko) Chrome/66.0.3359.181 Safari/537.36'),(221,21,31,5,'Yo no entiendo muchas cosas, detesto a mi ex, pero a la vez siento que aún lo amo u.u Estoy muy feliz con mi novia actual, aunque no sea el. Tenemos amigos en común y a veces nos juntamos, me trata mal o al menos a mi no me gusta su actitud. Es como si nunca fui nada para el, duele un poco. ¿por que no logro soltar? :c','2018-05-23 01:00:23','179.25.79.84','34844','Mozilla/5.0 (Linux; Android 6.0.1; SM-J710MN Build/MMB29K; wv) AppleWebKit/537.36 (KHTML, like Gecko) Version/4.0 Chrome/66.0.3359.158 Mobile Safari/537.36 [FB_IAB/FB4A;FBAV/172.0.0.66.93;]'),(222,31,28,13,'Nos gusta Laura Serena Fantuzzi.<br />\r\n<br />\r\nY ya se lo dije varias veces.','2018-05-23 01:01:16','186.23.91.247','36728','Mozilla/5.0 (X11; Ubuntu; Linux x86_64; rv:60.0) Gecko/20100101 Firefox/60.0'),(223,19,28,2,'Querida elefanta magenta 1, nadie neceista que triunfes ni que salgas de tu zona de alcanfor. Si eso es lo que te hace feliz ahora, vivilo sin culpa, porque el mundo sigue girando igual que si no lo hicieras. Algún día quizás sientas el llamado a hacer otra cosa, e irás con la misma naturalidad con la que te quedás ahora. Disfrualo. Si te llama es porque tiene sentido para vos. Nosotros nos ocupamos del resto.<br />\n<br />\nAtentamente: Elefante magenta 2.','2018-05-23 01:04:27','186.23.91.247','36776','Mozilla/5.0 (X11; Ubuntu; Linux x86_64; rv:60.0) Gecko/20100101 Firefox/60.0'),(224,31,28,14,'valiente','2018-05-23 01:04:28','190.245.100.134','58341','Mozilla/5.0 (Windows NT 6.3; Win64; x64) AppleWebKit/537.36 (KHTML, like Gecko) Chrome/66.0.3359.181 Safari/537.36'),(225,31,28,25,'¿A cuantos nos gusta?','2018-05-23 01:04:36','190.191.87.92','60150','Mozilla/5.0 (X11; Linux x86_64; rv:52.0) Gecko/20100101 Firefox/52.0'),(226,21,24,8,'chorga','2018-05-23 01:04:56','190.245.100.134','58348','Mozilla/5.0 (Windows NT 6.3; Win64; x64) AppleWebKit/537.36 (KHTML, like Gecko) Chrome/66.0.3359.181 Safari/537.36'),(227,19,28,3,'Querida elefante magenta 1. Hay gente que está convencida de que hay un sentido en la vida. <br />\npor ejemplo Victor Frankl, que escribió un libro que se llama el hombre en busca del sentido<br />\nYo creo que cuando uno cree que hay un sentido en la vida puede hacer cosas que de otro modo no podría','2018-05-23 01:06:56','190.191.87.92','60170','Mozilla/5.0 (X11; Linux x86_64; rv:52.0) Gecko/20100101 Firefox/52.0'),(228,29,24,1,'Perritocracia... all glory to perritocracia','2018-05-23 01:07:02','185.210.22.159','49974','Mozilla/5.0 (Windows NT 10.0; Win64; x64) AppleWebKit/537.36 (KHTML, like Gecko) Chrome/66.0.3359.181 Safari/537.36'),(229,19,28,4,'Ahora, creer no es algo que uno pueda decidir de un día para el otro','2018-05-23 01:07:19','190.191.87.92','60172','Mozilla/5.0 (X11; Linux x86_64; rv:52.0) Gecko/20100101 Firefox/52.0'),(230,21,24,9,'AMO ESA PALABRA. amo la palabra chorga, venía pensando en usarla, pero nunca la usé.<br />\npd: no soy esl que la escribió en el 8','2018-05-23 01:08:22','190.191.87.92','60180','Mozilla/5.0 (X11; Linux x86_64; rv:52.0) Gecko/20100101 Firefox/52.0'),(231,21,24,10,'es una enorme palabra, no la usaba hace rato y me rei en voz alta, hay que traerla de vuelta','2018-05-23 01:09:26','190.245.100.134','58417','Mozilla/5.0 (Windows NT 6.3; Win64; x64) AppleWebKit/537.36 (KHTML, like Gecko) Chrome/66.0.3359.181 Safari/537.36'),(232,19,28,5,'Depende de experiencias que uno va teniendo, pero que uno también puede buscar','2018-05-23 01:09:40','190.191.87.92','60218','Mozilla/5.0 (X11; Linux x86_64; rv:52.0) Gecko/20100101 Firefox/52.0'),(233,21,23,28,'quiero hacer un trio','2018-05-23 01:21:45','190.225.230.50','53620','Mozilla/5.0 (Windows NT 10.0; Win64; x64) AppleWebKit/537.36 (KHTML, like Gecko) Chrome/66.0.3359.181 Safari/537.36'),(234,21,23,10,'*Dibuja un pene*','2018-05-23 01:27:46','186.58.127.241','59664','Mozilla/5.0 (X11; Linux i686; rv:60.0) Gecko/20100101 Firefox/60.0'),(235,21,31,6,'Yo tampoco entiendo nada, de qué hablan? usted sabe de qué habla cuando habla?','2018-05-23 01:30:27','186.58.127.241','59670','Mozilla/5.0 (X11; Linux i686; rv:60.0) Gecko/20100101 Firefox/60.0'),(236,33,25,1,'Es un símbolo poderoso de la mitología y la religión. Para los primeros cristianos representaba el alma inmortal que nos da la vida misma.<br />\nEn China, simboliza la felicidad conyugal y la alegría.<br />\nPara los celtas, eran hadas a veces, y se les decía a los niños que mirasen bien para no confundirlas.<br />\nParecen flores volantes o hadas mágicas. Las mariposas, en todas las culturas, aportan alegría al verlas, pues  son símbolo de transformación y se ha demostrado que es el único ser vivo capaz de cambiar por completo su estructura genética durante el proceso de transformación o metamorfosis: el ADN de la oruga es totalmente diferente. Por lo tanto, es el símbolo de la transformación total.<br />\n(Ponen sus huevos en una planta. Nacen las larvas orugas y se alimentan de las hojas de esa planta  a la vez que crecen rápidamente.<br />\nEn un momento de su desarrollo, la oruga se protege en un lugar resguardado y allí se transforma en crisálida. En este estado de crisálida, no se alimenta, y sufre grandes cambios metabólicos y morfológicos, cuyo conjunto es llamado metamorfosis. Una vezdulta sale rompiendo el esqueleto externo de la crisálida.)<br />\nEs un insecto muy admirado, portador de alegría y paz. Todas las culturas reverencian su delicada belleza y colorido.<br />\nRepresenta una necesidad de cambio, es el ciclo sin fin de auto-transformación, la reencarnación, y la magia. La metamorfosis nos enseña los diferentes estadios a lo largo de la vida.<br />\nPuede dar claridad a nuestro proceso mental, ayuda a organizar el proyecto que estemos llevando a cabo, y nos ayudará a encontrar el siguiente paso para mejorar nuestra vida personal o profesional.<br />\nEl mensaje principal que nos otorga es que cuando este tótem entra en nuestra vida, estamos listos para someternos a algún tipo de transformación o crecimiento interno.<br />\nSu corta vida y tremenda belleza es un símbolo de crecimiento espiritual, nos enseña a no tomar la vida tan en serio y nos advierte que el crecimiento y la transformación no tiene que ser traumático; puede ocurrir con suavidad, con dulzura, con alegría.','2018-05-23 01:31:16','190.18.53.44','51604','Mozilla/5.0 (Windows NT 6.1) AppleWebKit/537.36 (KHTML, like Gecko) Chrome/66.0.3359.181 Safari/537.36'),(237,21,30,1,'la mayoría de los gatos blancos tienen problemas auditivos','2018-05-23 02:07:19','186.58.127.241','59736','Mozilla/5.0 (X11; Linux i686; rv:60.0) Gecko/20100101 Firefox/60.0'),(238,21,34,2,'42','2018-05-23 02:16:25','186.177.222.7','56566','Mozilla/5.0 (Windows NT 10.0; Win64; x64) AppleWebKit/537.36 (KHTML, like Gecko) Chrome/66.0.3359.181 Safari/537.36'),(239,30,31,19,'No somo\' muchos los que sabemos que el animal elegido del grupo en su momento gue este, Verdín, put yor battery on n','2018-05-23 02:18:24','190.175.124.28','55080','Mozilla/5.0 (Linux; Android 5.1.1; HUAWEI SCL-L03 Build/HuaweiSCL-L03) AppleWebKit/537.36 (KHTML, like Gecko) Version/4.0 Chrome/39.0.0.0 Mobile Safari/537.36 [FB_IAB/FB4A;FBAV/167.0.0.42.94;]'),(240,28,31,1,'Ojalá esta vez sea de verdad.','2018-05-23 03:07:10','190.16.193.151','59804','Mozilla/5.0 (X11; Linux x86_64) AppleWebKit/537.36 (KHTML, like Gecko) Chrome/55.0.2883.87 Safari/537.36'),(241,21,21,22,'Wtf','2018-05-23 04:32:46','170.51.92.249','36734','Mozilla/5.0 (Linux; Android 6.0.1; SM-J710MN Build/MMB29K; wv) AppleWebKit/537.36 (KHTML, like Gecko) Version/4.0 Chrome/59.0.3071.125 Mobile Safari/537.36 [FB_IAB/FB4A;FBAV/170.0.0.52.95;]'),(242,21,21,13,'O. 9','2018-05-23 04:33:41','170.51.92.249','13601','Mozilla/5.0 (Linux; Android 6.0.1; SM-J710MN Build/MMB29K; wv) AppleWebKit/537.36 (KHTML, like Gecko) Version/4.0 Chrome/59.0.3071.125 Mobile Safari/537.36 [FB_IAB/FB4A;FBAV/170.0.0.52.95;]'),(243,23,31,22,'همه افرادی که از این انجمن استفاده می کنند می میرند خدا بزرگ است','2018-05-23 04:40:00','170.51.92.249','60919','Mozilla/5.0 (Linux; Android 6.0.1; SM-J710MN Build/MMB29K; wv) AppleWebKit/537.36 (KHTML, like Gecko) Version/4.0 Chrome/59.0.3071.125 Mobile Safari/537.36 [FB_IAB/FB4A;FBAV/170.0.0.52.95;]'),(244,23,31,4,'Los Otros me chupan el Perritocracia.','2018-05-23 05:18:03','179.25.186.39','35301','Mozilla/5.0 (Linux; Android 6.0.1; SM-J710MN Build/MMB29K; wv) AppleWebKit/537.36 (KHTML, like Gecko) Version/4.0 Chrome/66.0.3359.158 Mobile Safari/537.36 [FB_IAB/FB4A;FBAV/172.0.0.66.93;]'),(245,28,23,1,'Aborto legal, seguro y gratuito','2018-05-23 12:12:00','186.23.106.239','38835','Mozilla/5.0 (Linux; Android 7.0; Moto G (5) Build/NPP25.137-93-2; wv) AppleWebKit/537.36 (KHTML, like Gecko) Version/4.0 Chrome/66.0.3359.158 Mobile Safari/537.36 [FB_IAB/FB4A;FBAV/172.0.0.66.93;]'),(246,20,29,3,'la humanidad esta PERDIDA.','2018-05-23 13:51:14','186.141.136.95','64558','Mozilla/5.0 (Linux; Android 7.0; SM-J710MN Build/NRD90M; wv) AppleWebKit/537.36 (KHTML, like Gecko) Version/4.0 Chrome/66.0.3359.158 Mobile Safari/537.36 [FB_IAB/FB4A;FBAV/172.0.0.66.93;]'),(247,22,22,1,'Pito el que lee','2018-05-23 14:07:54','190.111.231.182','1202','Mozilla/5.0 (Windows NT 6.3; WOW64; rv:60.0) Gecko/20100101 Firefox/60.0'),(248,20,29,5,'El ballet cósmico ha comenzado, cualquier cosa puede pasar porque el momento es propicio para eso.  El destino de la humanidad está en nuestras manos.','2018-05-23 14:49:04','186.58.127.241','53938','Mozilla/5.0 (Windows NT 6.1; WOW64) AppleWebKit/537.36 (KHTML, like Gecko) Chrome/66.0.3359.181 Safari/537.36'),(249,32,31,1,'el sol brilla, el aire esta frio pero el sol brilla y calienta. el ruido de los pájaros es ensordecedor, pero los ruidos de la ciudad han cesado, los humanos abandonaron esta ciudad hace años. Los edificios estan deteriorados y algunos se han derrumbado, las plantas han recuperado el terreno que alguna vez les fue arrebatado. Enfrente tuyo estan las ruinas de una catedral.<br />\n Qué quieres hacer?','2018-05-23 15:08:17','186.58.127.241','54304','Mozilla/5.0 (Windows NT 6.1; WOW64) AppleWebKit/537.36 (KHTML, like Gecko) Chrome/66.0.3359.181 Safari/537.36'),(250,19,23,2,'cacaaaa ca caca cac cacaca ca ca, caca caca caca caca ca ca ca ca ca','2018-05-23 16:35:33','201.253.9.230','51350','Mozilla/5.0 (Windows NT 10.0; Win64; x64) AppleWebKit/537.36 (KHTML, like Gecko) Chrome/65.0.3325.181 Safari/537.36 OPR/52.0.2871.64'),(251,19,28,6,'Me frusta no poder resolver lo que me pasa, realmente quiero salir a que minimamente me de el sol en la cara, pero no puedo. Me cuesta salir a la vida en si, me cuesta encontrar cosas por hacer. Odio tener miedo de caminar entre la gente, odio tener miedo al estar entre una multitud, y me da bronca no poder ser un ser \"sociable\" porque a mi cerebro se le da por generar hormonas de mas o ni siquiera producirlas. Como no me toco tenes acidez? O diabetes? No! Me toco esta puta bipolaridad de mierda que no me deja disfrutar de mi vida.<br />\nGracias por sus palabras, en \"encuentran\" pasando por uno de mis episodios maniacodepresivos, pero cuando mis niveles se regulan no soy una persona deprimida que tipea en internet. <br />\nGracias por tomarse el tiempo de responderme. <br />\nGracias por invertir en mi un poquito de su tiempo.<br />\nElefante Magente (1)','2018-05-23 16:39:19','190.230.242.145','49708','Mozilla/5.0 (Windows NT 6.1) AppleWebKit/537.36 (KHTML, like Gecko) Chrome/66.0.3359.181 Safari/537.36'),(252,32,31,2,'Caminar hacia catedral','2018-05-23 19:14:58','200.42.13.194','32431','Mozilla/5.0 (Windows NT 6.1; Win64; x64) AppleWebKit/537.36 (KHTML, like Gecko) Chrome/66.0.3359.139 Safari/537.36'),(253,32,31,3,'La zona de la puerta esta derrumbada, pero podés entrar por un agujero en la pared. De entre los escombros sale una rata corriendo. Entran halos de luz atravez de los huecos del tejado, en la zona del altar hay restos de una fogata, las imagenes sagradas han sido profanadas.','2018-05-23 19:54:57','186.58.127.241','34723','Mozilla/5.0 (X11; Linux i686; rv:60.0) Gecko/20100101 Firefox/60.0'),(254,21,23,27,'Me prendo al trío','2018-05-23 20:18:02','190.220.247.130','43004','Mozilla/5.0 (X11; Ubuntu; Linux x86_64; rv:60.0) Gecko/20100101 Firefox/60.0'),(255,21,23,29,'Me prendo al trío','2018-05-23 20:18:10','190.220.247.130','43006','Mozilla/5.0 (X11; Ubuntu; Linux x86_64; rv:60.0) Gecko/20100101 Firefox/60.0'),(256,21,30,2,'¡¡¿¿QUE DIJO??!!','2018-05-23 20:19:12','190.220.247.130','43026','Mozilla/5.0 (X11; Ubuntu; Linux x86_64; rv:60.0) Gecko/20100101 Firefox/60.0'),(257,30,31,20,'Verdi: <br />\nMe había olvidado absolutamente.','2018-05-23 20:19:44','190.220.247.130','43030','Mozilla/5.0 (X11; Ubuntu; Linux x86_64; rv:60.0) Gecko/20100101 Firefox/60.0'),(258,28,31,2,'Algo se prende fuego.','2018-05-23 20:20:07','190.220.247.130','43032','Mozilla/5.0 (X11; Ubuntu; Linux x86_64; rv:60.0) Gecko/20100101 Firefox/60.0'),(259,23,31,23,'Everyone who uses this forum die, God is great<br />\n-Google Translate del 22','2018-05-23 20:21:10','190.220.247.130','43054','Mozilla/5.0 (X11; Ubuntu; Linux x86_64; rv:60.0) Gecko/20100101 Firefox/60.0'),(260,28,23,2,'Aborto legal, seguro y gatito.','2018-05-23 20:21:26','190.220.247.130','43068','Mozilla/5.0 (X11; Ubuntu; Linux x86_64; rv:60.0) Gecko/20100101 Firefox/60.0'),(261,20,29,4,'¿Te animás a ayudarnos a encontrarla? ¡Vamos! Será divertido.','2018-05-23 20:21:55','190.220.247.130','43072','Mozilla/5.0 (X11; Ubuntu; Linux x86_64; rv:60.0) Gecko/20100101 Firefox/60.0'),(262,19,28,7,'No estés sola en esta lluvia<br />\nno te entregues por favor.<br />\nSi debes ser fuerte en estos tiempos<br />\npara resistir la decepción<br />\ny quedar abierto, mente y alma,<br />\nyo estoy con vos.<br />\nSi te hace falta quien te trate con amor<br />\nsi no tenés a quien brindar tu corazón<br />\nsi todo vuelve cuando más lo precisás<br />\nnos veremos otra vez.','2018-05-23 20:24:02','190.220.247.130','43136','Mozilla/5.0 (X11; Ubuntu; Linux x86_64; rv:60.0) Gecko/20100101 Firefox/60.0'),(263,25,25,1,'Nico te quiero','2018-05-23 23:11:35','186.153.57.102','50671','Mozilla/5.0 (Linux; Android 7.0; SM-J710MN Build/NRD90M; wv) AppleWebKit/537.36 (KHTML, like Gecko) Version/4.0 Chrome/64.0.3282.137 Mobile Safari/537.36[FBAN/EMA;FBLC/es_LA;FBAV/91.0.0.6.186;]'),(264,21,32,1,'sal de mi cabeza comeme el donut','2018-05-23 23:59:44','186.58.127.241','35762','Mozilla/5.0 (X11; Linux i686; rv:60.0) Gecko/20100101 Firefox/60.0'),(265,20,28,1,'AAAAGGHHHHHH','2018-05-24 00:09:27','181.231.74.243','57147','Mozilla/5.0 (Linux; Android 7.0; LG-M250 Build/NRD90U) AppleWebKit/537.36 (KHTML, like Gecko) Chrome/66.0.3359.158 Mobile Safari/537.36'),(266,24,25,4,'HIJO  DE PUTAS','2018-05-24 01:31:24','190.224.86.162','11590','Mozilla/5.0 (Windows NT 6.1; Win64; x64) AppleWebKit/537.36 (KHTML, like Gecko) Chrome/65.0.3325.181 Safari/537.36 OPR/52.0.2871.99'),(267,24,25,5,'SI , HIJO SDE PUTAS','2018-05-24 01:31:36','190.224.86.162','11609','Mozilla/5.0 (Windows NT 6.1; Win64; x64) AppleWebKit/537.36 (KHTML, like Gecko) Chrome/65.0.3325.181 Safari/537.36 OPR/52.0.2871.99'),(268,24,24,1,'HTTPS://XVIDEOS.COM','2018-05-24 01:32:10','190.224.86.162','11615','Mozilla/5.0 (Windows NT 6.1; Win64; x64) AppleWebKit/537.36 (KHTML, like Gecko) Chrome/65.0.3325.181 Safari/537.36 OPR/52.0.2871.99'),(269,21,24,2,'PUTO','2018-05-24 01:34:45','190.224.86.162','11641','Mozilla/5.0 (Windows NT 6.1; Win64; x64) AppleWebKit/537.36 (KHTML, like Gecko) Chrome/65.0.3325.181 Safari/537.36 OPR/52.0.2871.99'),(270,21,24,11,'BUENA PALABRA, YO VENIA PENSANDO \"VOY A ENTRAR A WEB CATPURPLE Y VOY A IR GATO AZUL NUMERO 8 A ESCRIBIR chorga\"  Y ME ENCUENTRO CON QUE YA ME HABIAN GANADO LA IDEA, DEMONIOS TIO ME HAS JODIDO EL PUTO  DIA','2018-05-24 01:37:17','190.224.86.162','11653','Mozilla/5.0 (Windows NT 6.1; Win64; x64) AppleWebKit/537.36 (KHTML, like Gecko) Chrome/65.0.3325.181 Safari/537.36 OPR/52.0.2871.99'),(271,20,22,9,'El gato violeta 9 dice zachero. Si se refiere al integrante de perrito, que sepa que es ZACCHEO. SIN R. Gracias por el espacio.','2018-05-24 02:00:19','181.231.74.243','57599','Mozilla/5.0 (Linux; Android 7.0; LG-M250 Build/NRD90U; wv) AppleWebKit/537.36 (KHTML, like Gecko) Version/4.0 Chrome/66.0.3359.158 Mobile Safari/537.36[FBAN/EMA;FBLC/es_ES;FBAV/94.0.0.8.182;]'),(272,21,23,8,'Zaccheo. Sin R.','2018-05-24 02:01:34','181.231.74.243','57607','Mozilla/5.0 (Linux; Android 7.0; LG-M250 Build/NRD90U; wv) AppleWebKit/537.36 (KHTML, like Gecko) Version/4.0 Chrome/66.0.3359.158 Mobile Safari/537.36[FBAN/EMA;FBLC/es_ES;FBAV/94.0.0.8.182;]'),(273,31,28,26,'A mí también me gusta.','2018-05-24 02:03:05','181.231.74.243','57623','Mozilla/5.0 (Linux; Android 7.0; LG-M250 Build/NRD90U; wv) AppleWebKit/537.36 (KHTML, like Gecko) Version/4.0 Chrome/66.0.3359.158 Mobile Safari/537.36[FBAN/EMA;FBLC/es_ES;FBAV/94.0.0.8.182;]'),(274,20,22,10,'Integrante de perrito.','2018-05-24 13:37:40','190.220.247.130','47180','Mozilla/5.0 (X11; Ubuntu; Linux x86_64; rv:60.0) Gecko/20100101 Firefox/60.0'),(275,27,35,1,'no se si es por mi dieta baja en proteinas o porque estoy deprimido pero tengo mucho sueño en la noche','2018-05-25 03:38:55','186.58.127.241','58421','Mozilla/5.0 (X11; Linux i686; rv:60.0) Gecko/20100101 Firefox/60.0'),(276,24,24,2,'RE1. QUE PAGINA MAS FEA','2018-05-25 03:54:54','186.58.127.241','58451','Mozilla/5.0 (X11; Linux i686; rv:60.0) Gecko/20100101 Firefox/60.0'),(277,27,35,2,'Bueno señor pato rosa, la noche la hizo dios para soñar, está muy bien que tenga sueño.','2018-05-28 02:20:36','186.23.91.247','46798','Mozilla/5.0 (X11; Ubuntu; Linux x86_64; rv:60.0) Gecko/20100101 Firefox/60.0'),(278,24,24,3,'Se puede ver el universo a través de ese gorila.','2018-05-28 02:21:23','186.23.91.247','46814','Mozilla/5.0 (X11; Ubuntu; Linux x86_64; rv:60.0) Gecko/20100101 Firefox/60.0'),(279,21,32,2,'Sal de mi cabeza truco helicotpero','2018-05-31 02:06:27','186.23.91.247','57698','Mozilla/5.0 (X11; Ubuntu; Linux x86_64; rv:60.0) Gecko/20100101 Firefox/60.0'),(280,21,21,8,'Gatitornios, para más placer.','2018-05-31 02:12:30','190.18.164.7','35411','Mozilla/5.0 (Linux; Android 6.0; MotoG3 Build/MPIS24.65-33.1-2-16; wv) AppleWebKit/537.36 (KHTML, like Gecko) Version/4.0 Chrome/56.0.2924.87 Mobile Safari/537.36[FBAN/EMA;FBLC/es_LA;FBAV/94.0.0.8.182;]'),(281,19,35,1,'Hola. Soy Morena Rial.','2018-05-31 02:16:32','181.13.65.111','45361','Mozilla/5.0 (Linux; Android 7.0; SM-G570M Build/NRD90M; wv) AppleWebKit/537.36 (KHTML, like Gecko) Version/4.0 Chrome/66.0.3359.158 Mobile Safari/537.36[FBAN/EMA;FBLC/es_LA;FBAV/96.0.0.7.216;]'),(282,23,21,1,'Verdi hunde sus narices en nalgas de culos','2018-05-31 02:39:09','170.51.34.173','31026','Mozilla/5.0 (Windows NT 10.0; Win64; x64) AppleWebKit/537.36 (KHTML, like Gecko) Chrome/66.0.3359.181 Safari/537.36'),(283,21,23,11,'No entiendo','2018-05-31 02:40:06','170.51.98.82','23584','Mozilla/5.0 (Linux; Android 6.0.1; SM-G532M Build/MMB29T; wv) AppleWebKit/537.36 (KHTML, like Gecko) Version/4.0 Chrome/66.0.3359.158 Mobile Safari/537.36 [FB_IAB/FB4A;FBAV/173.0.0.62.99;]'),(284,23,21,2,'A quien le importa lo que haga verdi','2018-05-31 02:42:32','186.23.91.247','58150','Mozilla/5.0 (X11; Ubuntu; Linux x86_64; rv:60.0) Gecko/20100101 Firefox/60.0'),(285,21,31,20,'mi nombre es noe andreita y vengo a confesar la verdad de todo','2018-05-31 02:44:37','186.23.91.247','58198','Mozilla/5.0 (X11; Ubuntu; Linux x86_64; rv:60.0) Gecko/20100101 Firefox/60.0'),(286,25,29,1,'Entré buscando bardo anónimo y nada.','2018-05-31 02:47:20','190.16.54.214','36337','Mozilla/5.0 (Linux; Android 4.2.2; Lenovo B8000-F Build/JDQ39) AppleWebKit/537.36 (KHTML, like Gecko) Chrome/66.0.3359.158 Safari/537.36'),(287,23,21,3,'Tienen una fascinación medio extraña con Verdi.','2018-05-31 02:49:43','190.16.54.214','36356','Mozilla/5.0 (Linux; Android 4.2.2; Lenovo B8000-F Build/JDQ39) AppleWebKit/537.36 (KHTML, like Gecko) Chrome/66.0.3359.158 Safari/537.36'),(288,25,29,2,'Solo mimos y cordialidad anónima.','2018-05-31 02:51:31','186.23.91.247','58306','Mozilla/5.0 (X11; Ubuntu; Linux x86_64; rv:60.0) Gecko/20100101 Firefox/60.0'),(289,25,29,3,'Mejor así.','2018-05-31 02:54:51','190.16.54.214','36384','Mozilla/5.0 (Linux; Android 4.2.2; Lenovo B8000-F Build/JDQ39) AppleWebKit/537.36 (KHTML, like Gecko) Chrome/66.0.3359.158 Safari/537.36'),(290,25,29,4,'Mentira, me aburro.','2018-05-31 02:55:12','190.16.54.214','36385','Mozilla/5.0 (Linux; Android 4.2.2; Lenovo B8000-F Build/JDQ39) AppleWebKit/537.36 (KHTML, like Gecko) Chrome/66.0.3359.158 Safari/537.36'),(291,25,29,5,'Con chismes me conformo. O juguemos al verdad o consecuencia, o algo.','2018-05-31 02:55:56','190.16.54.214','36387','Mozilla/5.0 (Linux; Android 4.2.2; Lenovo B8000-F Build/JDQ39) AppleWebKit/537.36 (KHTML, like Gecko) Chrome/66.0.3359.158 Safari/537.36'),(292,25,29,6,'bueno, sí! Verdadd','2018-05-31 03:00:16','186.58.34.233','41894','Mozilla/5.0 (X11; Linux i686; rv:60.0) Gecko/20100101 Firefox/60.0'),(293,27,35,3,'si, lo se, pero tambien me gustaria tener energia como para jugar jueguitos o salir','2018-05-31 03:07:09','186.58.34.233','41913','Mozilla/5.0 (X11; Linux i686; rv:60.0) Gecko/20100101 Firefox/60.0'),(294,25,25,15,'Quisiera dejar de ser tan fracaso','2018-05-31 03:58:56','190.175.226.8','37472','Mozilla/5.0 (Linux; Android 7.0; Moto G (5) Plus Build/NPN25.137-78; wv) AppleWebKit/537.36 (KHTML, like Gecko) Version/4.0 Chrome/66.0.3359.158 Mobile Safari/537.36[FBAN/EMA;FBLC/es_LA;FBAV/96.0.0.7.216;]'),(295,25,25,25,'Verdi dame bola','2018-05-31 03:59:49','190.175.226.8','37475','Mozilla/5.0 (Linux; Android 7.0; Moto G (5) Plus Build/NPN25.137-78; wv) AppleWebKit/537.36 (KHTML, like Gecko) Version/4.0 Chrome/66.0.3359.158 Mobile Safari/537.36[FBAN/EMA;FBLC/es_LA;FBAV/96.0.0.7.216;]'),(296,30,35,1,'23564.1991','2018-05-31 04:46:38','186.19.113.163','60695','Mozilla/5.0 (Windows NT 10.0; Win64; x64) AppleWebKit/537.36 (KHTML, like Gecko) Chrome/66.0.3359.181 Safari/537.36'),(297,26,29,5,'Alo','2018-05-31 14:06:38','186.111.149.202','4369','Mozilla/5.0 (Linux; Android 7.1.1; Moto E (4) Plus Build/NMA26.42-69; wv) AppleWebKit/537.36 (KHTML, like Gecko) Version/4.0 Chrome/60.0.3112.116 Mobile Safari/537.36 [FB_IAB/FB4A;FBAV/140.0.0.24.91;]'),(298,21,23,999,'Kava was here','2018-05-31 14:08:42','186.111.149.202','4375','Mozilla/5.0 (Linux; Android 7.1.1; Moto E (4) Plus Build/NMA26.42-69; wv) AppleWebKit/537.36 (KHTML, like Gecko) Version/4.0 Chrome/60.0.3112.116 Mobile Safari/537.36 [FB_IAB/FB4A;FBAV/140.0.0.24.91;]'),(299,21,23,1000,'Kavaiero (Kavaiero)<br />\nSe fue de tumba y retumba<br />\nA penas iegó la nochel muerto se fue de tumba.','2018-06-02 03:57:54','186.23.91.247','36112','Mozilla/5.0 (X11; Ubuntu; Linux x86_64; rv:60.0) Gecko/20100101 Firefox/60.0'),(300,21,23,787,'No body ever wrote here, be the first and only one','2018-06-02 03:58:21','186.23.91.247','36120','Mozilla/5.0 (X11; Ubuntu; Linux x86_64; rv:60.0) Gecko/20100101 Firefox/60.0'),(301,31,31,6,'https://www.youtube.com/watch?v=2ndtMjnfcGo','2018-06-06 18:28:56','190.18.167.29','50293','Mozilla/5.0 (Windows NT 6.1) AppleWebKit/537.36 (KHTML, like Gecko) Chrome/66.0.3359.181 Safari/537.36'),(302,25,25,48,'Yo cada tanto entro y miro o escribo algo.','2018-06-28 01:20:37','186.23.91.247','34224','Mozilla/5.0 (X11; Ubuntu; Linux x86_64; rv:60.0) Gecko/20100101 Firefox/60.0'),(303,21,31,18,'weno','2018-07-14 06:46:29','186.23.91.247','42174','Mozilla/5.0 (X11; Ubuntu; Linux x86_64; rv:61.0) Gecko/20100101 Firefox/61.0'),(304,21,31,1000,'Este es el último coso hasta ahora.','2018-07-14 06:47:08','186.23.91.247','42176','Mozilla/5.0 (X11; Ubuntu; Linux x86_64; rv:61.0) Gecko/20100101 Firefox/61.0'),(305,21,31,949,'La menor - Mi menor - Fa mayor - Do mayor - Do mayor - Sol mayor - Fa mayor - Do mayor','2018-07-14 06:48:30','186.23.91.247','42178','Mozilla/5.0 (X11; Ubuntu; Linux x86_64; rv:61.0) Gecko/20100101 Firefox/61.0'),(306,21,31,816,'adasadsa','2018-07-14 06:48:40','186.23.91.247','42180','Mozilla/5.0 (X11; Ubuntu; Linux x86_64; rv:61.0) Gecko/20100101 Firefox/61.0'),(307,31,28,9,'Cada vez me gusta mas Laura Serena Fantuzzi.','2018-08-13 03:26:42','186.23.91.247','46956','Mozilla/5.0 (X11; Ubuntu; Linux x86_64; rv:61.0) Gecko/20100101 Firefox/61.0'),(308,19,24,1,'Sólo quería guardar esto ¯\\_(ツ)_/¯ para poder usarlo cuando lo necesite','2018-08-14 22:42:07','190.194.38.90','50158','Mozilla/5.0 (X11; Linux x86_64; rv:52.0) Gecko/20100101 Firefox/52.0'),(309,31,28,15,'A mi me parece una de las personas mas queribles que conocí, posta, me sorprende el nivel de lo bien que me cae','2018-08-14 22:43:42','190.194.38.90','50174','Mozilla/5.0 (X11; Linux x86_64; rv:52.0) Gecko/20100101 Firefox/52.0'),(310,19,24,2,'͡° ͜ʖ ͡°)<br />\r\n','2018-08-24 17:46:53','190.194.38.90','54826','Mozilla/5.0 (X11; Linux x86_64; rv:52.0) Gecko/20100101 Firefox/52.0'),(311,21,31,28,'25796323689432','2018-08-24 23:01:42','186.23.91.247','51084','Mozilla/5.0 (X11; Ubuntu; Linux x86_64; rv:61.0) Gecko/20100101 Firefox/61.0'),(312,21,26,1,'1.¿Porqué dice que el método componentWillMount se ejecuta en el servidor?<br />\n2.¿A que se refiere con que un método debe ser puro?','2018-08-25 01:24:59','190.194.38.90','34878','Mozilla/5.0 (X11; Linux x86_64; rv:52.0) Gecko/20100101 Firefox/52.0'),(313,21,26,2,'import React from \'react\';<br />\n<br />\n/**** Helpers ****/<br />\nconst tipoMoneda = {<br />\n	d:\'Dolar\',<br />\n	p:\'Peso\'<br />\n}<br />\n<br />\nconst cotizDolar = {<br />\n	d:31,<br />\n	p:1<br />\n}<br />\n<br />\nconst toDolar = (pesos) => {<br />\n	return pesos / this.cotizDolar.d;<br />\n}<br />\n<br />\nconst toPeso = (dolares) => {<br />\n	return dolares * this.cotizDolar.p;<br />\n}<br />\n<br />\nconst tryConvert = (valor, convertir) => {<br />\n	const input = parseFloat( valor );  <br />\n	const output = convertir(input);<br />\n}<br />\n/**** Helpers ****/<br />\n<br />\n//componente mensaje. Stateless<br />\nfunction Mensaje(props){<br />\n	if (props.peso > 100000){<br />\n		return <p>Mandalo a la cueva</p>;<br />\n	}<br />\n	else{<br />\n		return <p>Cambiale en la calle</p>;<br />\n	}<br />\n}<br />\n<br />\nclass ValorInput extends React.Component{<br />\n	<br />\n	constructor(props){<br />\n		super(props);<br />\n		this.handleChange = this.handleChange.bind(this);<br />\n	}<br />\n	<br />\n	handleChange(e){<br />\n		this.props.onValorChange(e.target.value);<br />\n	}<br />\n	<br />\n	render(){<br />\n		const valor 	= this.props.valor;<br />\n		const moneda	= this.props.moneda;<br />\n		<br />\n		return(<br />\n			<br />\n				Ingrese un valor en {tipoMoneda[moneda]}<br />\n				<br />\n			<br />\n		)<br />\n	}<br />\n}<br />\n<br />\nclass Calculadora extends React.Component{<br />\n	<br />\n	constructor(props){<br />\n		super(props);<br />\n		this.handlePesoChange = this.handlePesoChange.bind(this);<br />\n		this.handleDolarChange = this.handleDolarChange.bind(this);<br />\n		this.state = {valor:\'\',moneda:\'p\'};<br />\n	}<br />\n	<br />\n	handlePesoChange(valor){<br />\n		this.setState({moneda:\'p\', valor})<br />\n	}<br />\n	<br />\n	handleDolarChange(valor){<br />\n		this.setState({moneda:\'d\', valor})<br />\n	}<br />\n	<br />\n	render(){<br />\n		return(<br />\n			<br />\n				<br />\n				<br />\n				<br />\n			<br />\n		)<br />\n	}<br />\n}<br />\n<br />\nexport default Calculadora;','2018-08-25 17:11:56','200.68.125.26','62645','Mozilla/5.0 (Windows NT 10.0; Win64; x64) AppleWebKit/537.36 (KHTML, like Gecko) Chrome/68.0.3440.106 Safari/537.36'),(314,21,26,3,'Fqdn : 255<br />\r\nAccount operators<br />\r\nou<br />\r\nForest<br />\r\nUn Controlador de dominio (mínimo) en cada dominio<br />\r\nEsquema: objetos válidos -> atributos<br />\r\nMultimaster<br />\r\nSid (security id) wid + rid<br />\r\n<p><br />\r\n<b>Singlemaster -> fsmo (operation master roles)</b><br />\r\nReadmaster [dominio]<br />\r\nPDC emulator (primary domain controller) [dominio]<br />\r\nInfrastructor master (membership de los usuarios) [dominio]<br />\r\nDomain naming master [forest]<br />\r\nEsquema master [forest]<br />\r\n</p><br />\r\nGlobal catalog<br />\r\nRecomendación: que todos los controladores de dominio tengan global catalog<br />\r\nKerberos [standard de protocolo de encripción]<br />\r\nLAN manager (ntlm) [El primero que uso microsoft en DOS]<br />\r\nntlm2 : fue vulnerado<br />\r\n<p><br />\r\nKerberos V5 : el mas seguro para usuario y contraseña<br />\r\nTicket: lifetime [def 20 min]<br />\r\nKey distribution center (KDC de kerberos) [puerto 88 UDP]<br />\r\n</p>','2018-08-27 23:18:06','190.104.198.101','64116','Mozilla/5.0 (Windows NT 6.1; WOW64; rv:45.0) Gecko/20100101 Firefox/45.0'),(315,21,26,4,'Read only domain controller','2018-08-28 00:28:44','190.104.198.101','63068','Mozilla/5.0 (Windows NT 6.1; WOW64; rv:45.0) Gecko/20100101 Firefox/45.0'),(316,22,27,1,'Película: flight of the navigator','2018-08-30 16:35:01','190.194.38.90','51650','Mozilla/5.0 (X11; Linux x86_64; rv:52.0) Gecko/20100101 Firefox/52.0'),(317,24,34,4,'Torrent Downloaded From KAT -> https://katcr.co/community/index.php<br />\n--> https://katcr.co/new/torrents.php','2018-08-31 13:42:14','201.179.198.77','35926','Mozilla/5.0 (X11; Linux x86_64; rv:52.0) Gecko/20100101 Firefox/52.0'),(318,26,22,1,'Como venía diciendo...','2018-09-13 03:30:13','200.123.151.30','51508','Mozilla/5.0 (Windows NT 6.1; Win64; x64) AppleWebKit/537.36 (KHTML, like Gecko) Chrome/69.0.3497.81 Safari/537.36'),(319,26,22,2,'Iré dejando con el correr de los días y cuando me acuerde películas que hay que ver, solo porque sí y porque me han gustado. No creo que empiece hoy, tal vez mañana','2018-09-26 03:47:44','200.123.151.30','57180','Mozilla/5.0 (Windows NT 6.1; Win64; x64) AppleWebKit/537.36 (KHTML, like Gecko) Chrome/69.0.3497.100 Safari/537.36'),(320,20,34,1,'ROUTER<br />\r\n<br />\r\nEnable<br />\r\nconf t<br />\r\ninterface fastEthernet 1/0 | entro a la interface existente<br />\r\nno shutdown | prendo la interface<br />\r\nexit | salgo de la interface<br />\r\ninterface fastEthernet 1/0.100 | creo una sub interface<br />\r\nencapsulation dot1Q 200<br />\r\nip address 172.16.0.1 255.255.255.0 | <br />\r\n<br />\r\nSWITCH<br />\r\n<br />\r\nenable conf t<br />\r\nint Fa0/1<br />\r\nswitchport mode trunk<br />\r\nexit<br />\r\n<br />\r\nint Fa0/3<br />\r\nswitchport mode access<br />\r\nswitchport access vlan 100<br />\r\nexit<br />\r\n<br />\r\nint <br />\r\nswitchport mode access<br />\r\nswitchport access vlan 100<br />\r\nexit','2018-09-27 03:16:03','200.68.125.26','63530','Mozilla/5.0 (Windows NT 6.1; WOW64; rv:45.0) Gecko/20100101 Firefox/45.0'),(321,24,29,1,'????????????????????????????????????????????????????????????????????????????????????????????????<br />\nA ver como se lleva esto con los emojios','2018-11-20 03:44:05','2800:810:546:6aa::1000','39700','Mozilla/5.0 (X11; Ubuntu; Linux x86_64; rv:63.0) Gecko/20100101 Firefox/63.0'),(322,24,29,2,'1Pésimo.<br />\n<br />\nVamos, estamos en 2018, póngase las pilas señor administrador','2018-11-20 03:44:51','2800:810:546:6aa::1000','39738','Mozilla/5.0 (X11; Ubuntu; Linux x86_64; rv:63.0) Gecko/20100101 Firefox/63.0'),(323,30,31,24,'Extraño esto, QUIERO QUE PASE ALGOOOOOH','2018-12-05 15:52:36','186.143.135.65','15489','Mozilla/5.0 (Linux; Android 5.1.1; HUAWEI SCL-L03) AppleWebKit/537.36 (KHTML, like Gecko) Chrome/70.0.3538.80 Mobile Safari/537.36'),(324,30,31,25,'no','2019-01-07 02:34:44','2800:810:546:6aa:30fb:865c:5d03:925','42604','Mozilla/5.0 (X11; Ubuntu; Linux x86_64; rv:64.0) Gecko/20100101 Firefox/64.0'),(325,29,23,3,'Holi estamos probando cat purple','2019-02-15 05:13:56','181.229.59.192','35743','Mozilla/5.0 (Linux; Android 7.0; SM-G610M) AppleWebKit/537.36 (KHTML, like Gecko) Chrome/72.0.3626.105 Mobile Safari/537.36'),(326,20,23,4,'All the flowers in time bends towards the sun','2019-03-20 01:08:10','190.16.59.141','43852','Mozilla/5.0 (X11; Linux x86_64; rv:65.0) Gecko/20100101 Firefox/65.0'),(327,20,23,116,'grangemouth<br />\r\nnew braunfels','2019-03-20 01:10:01','190.16.59.141','43898','Mozilla/5.0 (X11; Linux x86_64; rv:65.0) Gecko/20100101 Firefox/65.0'),(328,27,25,4,'Tinita.','2019-04-18 20:28:09','24.232.74.102','62173','Mozilla/5.0 (Windows NT 10.0; Win64; x64) AppleWebKit/537.36 (KHTML, like Gecko) Chrome/73.0.3683.103 Safari/537.36'),(329,21,23,184,'Shiba inu.','2019-04-18 20:39:14','24.232.74.102','62286','Mozilla/5.0 (Windows NT 10.0; Win64; x64) AppleWebKit/537.36 (KHTML, like Gecko) Chrome/73.0.3683.103 Safari/537.36'),(330,30,23,2,'Shima uta akita inu','2019-05-14 17:44:34','64.215.22.60','32703','Mozilla/5.0 (X11; Linux x86_64; rv:66.0) Gecko/20100101 Firefox/66.0'),(331,20,32,1,'Analizador de red inalámbrica<br />\r\nhttps://www.techspot.com/downloads/5936-inssider.html','2019-05-27 23:58:15','190.104.198.100','26353','Mozilla/5.0 (Windows NT 10.0; Win64; x64; rv:57.0) Gecko/20100101 Firefox/57.0'),(332,24,28,6,'Fight club','2019-06-16 18:51:34','190.16.59.141','38694','Mozilla/5.0 (X11; Linux x86_64; rv:60.0) Gecko/20100101 Firefox/60.0'),(333,24,28,12,'Welcome to me','2019-06-16 18:51:40','190.16.59.141','38698','Mozilla/5.0 (X11; Linux x86_64; rv:60.0) Gecko/20100101 Firefox/60.0'),(334,24,28,16,'mr Robot','2019-06-16 18:51:48','190.16.59.141','38702','Mozilla/5.0 (X11; Linux x86_64; rv:60.0) Gecko/20100101 Firefox/60.0'),(335,24,28,25,'Publicidad microsoft kinet','2019-06-16 18:52:29','190.16.59.141','38724','Mozilla/5.0 (X11; Linux x86_64; rv:60.0) Gecko/20100101 Firefox/60.0'),(336,24,28,29,'Mr Nobody','2019-06-16 18:52:36','190.16.59.141','38728','Mozilla/5.0 (X11; Linux x86_64; rv:60.0) Gecko/20100101 Firefox/60.0'),(337,29,31,2,'todas las personas que me conocen no me soportan, fracase en la vida, intente desade un principio hacer las cosas a mi manera, y mi manera salio mal, aguardo la muerte pacientemente','2019-07-29 01:17:37','190.192.168.215','58642','Mozilla/5.0 (Macintosh; Intel Mac OS X 10.14; rv:68.0) Gecko/20100101 Firefox/68.0'),(338,29,31,3,'tengo que dejar de hablar con la gente solo porque tengo ganas de masturbarme, es una actitud toxica horrible de utilizar a la gente que perdio sentido cuando deje de ser preadolescente sin herramientas de sociabilizacion.<br />\nque del otro lado a veces participen o hagan lo mismo no justifica nada. se crean vinculos ad hoc que para mi quizas culminan en el acto y de los que despues no me hago responsable.','2019-07-29 21:34:07','186.182.234.55','53238','Mozilla/5.0 (Macintosh; Intel Mac OS X 10.14; rv:68.0) Gecko/20100101 Firefox/68.0'),(339,29,30,1,'Hay que darle un poco mas de contraste a esa araña negra','2019-08-03 16:21:52','190.16.59.141','45994','Mozilla/5.0 (X11; Linux x86_64; rv:60.0) Gecko/20100101 Firefox/60.0'),(340,21,22,9,'Mentira, sin los otros no entra nadie','2019-08-07 03:56:58','190.16.59.141','38374','Mozilla/5.0 (X11; Linux x86_64; rv:60.0) Gecko/20100101 Firefox/60.0'),(341,32,23,5,'Treron vernans','2019-08-15 23:18:43','190.104.198.101','50067','Mozilla/5.0 (Windows NT 6.1; WOW64; rv:45.0) Gecko/20100101 Firefox/45.0'),(342,20,22,3,'Revisión fatal: Hercules Poirot, el famoso detective de Agatha Christie, durante un período en que no se presentan asesinatos para investigar, decide revolver expedientes viejos en Scotland Yard. Y tras un pormenorizado examen de los casos resueltos 50 años antes por Sherlock Holmes, descubre que en su mayor parte, las deducciones de este fueron infundadas y que están llenas de errores lógicos, como consecuencia de que Conan Doyle el autor, no conocía la sistematización que en su misma época Gottlob Frege impuso a la lógica. Inglaterra entra en una profunda conmoción civil y el gobierno se ve obligado a pagar millonarias indemnizaciones a los descendientes de los individuos injustamente condenados por las falaces conclusiones de Holmes.','2019-08-28 14:51:45','64.215.22.95','30970','Mozilla/5.0 (X11; Linux x86_64; rv:66.0) Gecko/20100101 Firefox/66.0'),(343,27,25,13,'https://packetlife.net/library/cheat-sheets/','2019-10-03 22:57:49','190.104.198.101','49678','Mozilla/5.0 (Windows NT 6.1; WOW64; rv:47.0) Gecko/20100101 Firefox/47.0'),(344,29,31,4,'liffe wil get better las bolas, ya vivi lo better de la life y estuvo perfecto, valio la pena, pero ya se gasto como chicle masticado, no se me ocurre un motivo para seguir mas que el evitarle sufrimiento a la gente cercana que no entenderia que un dia haga como quien se levante de una cena y diga: bueno, ya me llene, estoy satisfecho, no quiero mas, y se va a dormir, pero de la vida y para siempre.','2019-10-04 23:55:34','2800:810:546:89e:1db0:e09d:5349:aa74','60796','Mozilla/5.0 (Macintosh; Intel Mac OS X 10.14; rv:69.0) Gecko/20100101 Firefox/69.0'),(345,29,31,5,'¿Vos no crees en que se puede aprender sin límites?','2019-10-08 00:31:29','190.16.59.141','49564','Mozilla/5.0 (X11; Linux x86_64; rv:60.0) Gecko/20100101 Firefox/60.0'),(346,29,31,6,'Y no hay certeza de que la life will get better, life could get worse.<br />\nLa frase que me gusta a mi es: \"Todo va a estar bien al final, y si no está todo bien, creeme, no es el final\"','2019-10-08 00:38:53','190.16.59.141','49684','Mozilla/5.0 (X11; Linux x86_64; rv:60.0) Gecko/20100101 Firefox/60.0');
/*!40000 ALTER TABLE `entries` ENABLE KEYS */;
UNLOCK TABLES;

--
-- Table structure for table `language_support`
--

DROP TABLE IF EXISTS `language_support`;
/*!40101 SET @saved_cs_client     = @@character_set_client */;
/*!40101 SET character_set_client = utf8 */;
CREATE TABLE `language_support` (
  `id` int(11) NOT NULL AUTO_INCREMENT,
  `language` varchar(255) NOT NULL,
  `abbr` varchar(255) NOT NULL,
  `name` varchar(255) NOT NULL,
  PRIMARY KEY (`id`)
) ENGINE=InnoDB DEFAULT CHARSET=latin1;
/*!40101 SET character_set_client = @saved_cs_client */;

--
-- Dumping data for table `language_support`
--

LOCK TABLES `language_support` WRITE;
/*!40000 ALTER TABLE `language_support` DISABLE KEYS */;
/*!40000 ALTER TABLE `language_support` ENABLE KEYS */;
UNLOCK TABLES;

--
-- Table structure for table `log`
--

DROP TABLE IF EXISTS `log`;
/*!40101 SET @saved_cs_client     = @@character_set_client */;
/*!40101 SET character_set_client = utf8 */;
CREATE TABLE `log` (
  `id` int(11) NOT NULL AUTO_INCREMENT,
  `type_id` int(11) NOT NULL,
  `message` varchar(255) NOT NULL,
  `wide` text NOT NULL,
  `time` timestamp NOT NULL DEFAULT CURRENT_TIMESTAMP,
  `aux` varchar(255) NOT NULL,
  PRIMARY KEY (`id`),
  KEY `log_type` (`type_id`),
  CONSTRAINT `log_type` FOREIGN KEY (`type_id`) REFERENCES `log_types` (`id`)
) ENGINE=InnoDB AUTO_INCREMENT=828 DEFAULT CHARSET=latin1;
/*!40101 SET character_set_client = @saved_cs_client */;

--
-- Dumping data for table `log`
--

LOCK TABLES `log` WRITE;
/*!40000 ALTER TABLE `log` DISABLE KEYS */;
INSERT INTO `log` VALUES (1,1,'Testeando script y cron tab','','2017-07-07 19:50:03',''),(2,1,'Testeando script y cron tab','','2017-07-07 19:55:02',''),(3,1,'Testeando script y cron tab','','2017-07-07 20:00:03',''),(4,1,'Testeando script y cron tab','','2017-07-07 20:05:02',''),(5,1,'Testeando script y cron tab','','2017-07-07 20:10:02',''),(6,1,'Testeando script y cron tab','','2017-07-07 20:15:02',''),(7,1,'Testeando script y cron tab','','2017-07-07 20:20:02',''),(8,1,'Testeando script y cron tab','','2017-07-07 20:25:02',''),(9,1,'Testeando script y cron tab','','2017-07-07 20:30:03',''),(10,1,'Testeando script y cron tab','','2017-07-07 20:35:01',''),(11,1,'Testeando script y cron tab','','2017-07-07 20:40:02',''),(12,1,'Testeando script y cron tab','','2017-07-07 20:45:03',''),(13,1,'Testeando script y cron tab','','2017-07-07 20:50:03',''),(14,1,'Testeando script y cron tab','','2017-07-07 20:55:02',''),(15,1,'Testeando script y cron tab','','2017-07-07 21:00:03',''),(16,1,'Testeando script y cron tab','','2017-07-07 21:05:02',''),(17,1,'Testeando script y cron tab','','2017-07-07 23:44:01',''),(18,1,'Testeando script y cron tab','','2017-07-07 23:45:02',''),(19,1,'Testeando script y cron tab','','2017-07-07 23:46:01',''),(20,1,'Testeando script y cron tab','','2017-07-07 23:47:01',''),(21,1,'Testeando script y cron tab','','2017-07-07 23:48:01',''),(22,1,'Testeando script y cron tab','','2017-07-07 23:49:01',''),(23,1,'Testeando script y cron tab','','2017-07-07 23:50:02',''),(24,1,'Testeando script y cron tab','','2017-07-07 23:51:01',''),(25,1,'Testeando script y cron tab','','2017-07-07 23:52:01',''),(26,1,'Testeando script y cron tab','','2017-07-07 23:53:01',''),(27,1,'Testeando script y cron tab','','2017-07-07 23:54:01',''),(28,1,'Testeando script y cron tab','','2017-07-07 23:55:02',''),(29,1,'Testeando script y cron tab','','2017-07-07 23:56:01',''),(30,1,'Testeando script y cron tab','','2017-07-07 23:57:01',''),(31,1,'Testeando script y cron tab','','2017-07-07 23:58:01',''),(32,1,'Testeando script y cron tab','','2017-07-07 23:59:01',''),(33,1,'Testeando script y cron tab','','2017-07-08 00:00:03',''),(34,1,'Testeando script y cron tab','','2017-07-08 00:01:01',''),(35,1,'Testeando script y cron tab','','2017-07-08 00:02:01',''),(36,1,'Testeando script y cron tab','','2017-07-08 00:03:01',''),(37,1,'Testeando script y cron tab','','2017-07-08 00:04:01',''),(38,1,'Testeando script y cron tab','','2017-07-08 00:05:02',''),(39,1,'Testeando script y cron tab','','2017-07-08 00:06:01',''),(40,3,'trying to write command output to a file','','2017-07-08 00:07:01',''),(41,3,'trying to write command output to a file','','2017-07-08 00:08:01',''),(42,3,'trying to write command output to a file','','2017-07-08 00:09:01',''),(43,3,'trying to write command output to a file','','2017-07-08 00:10:03',''),(44,3,'trying to write command output to a file','','2017-07-08 00:11:01',''),(45,3,'trying to write command output to a file','','2017-07-08 00:12:01',''),(46,3,'trying to write command output to a file','','2017-07-08 00:13:01',''),(47,3,'trying to write command output to a file','','2017-07-08 00:14:01',''),(48,3,'trying to write command output to a file','','2017-07-08 00:15:02',''),(49,3,'0','','2017-07-08 00:16:01',''),(50,3,'0','','2017-07-08 00:17:01',''),(51,3,'0','','2017-07-08 00:18:01',''),(52,3,'0','','2017-07-08 00:19:01',''),(53,3,'0','','2017-07-08 00:20:02',''),(54,3,'0','','2017-07-08 00:25:02',''),(55,3,'0','','2017-07-08 00:28:01',''),(56,3,'0','','2017-07-08 00:29:01',''),(57,3,'0','','2017-07-08 00:30:03',''),(58,3,'28','','2017-07-08 00:31:01',''),(59,3,'28','','2017-07-08 00:32:01',''),(60,3,'28','','2017-07-08 00:33:01',''),(61,3,'28','','2017-07-08 00:34:01',''),(62,3,'28','','2017-07-08 00:35:02',''),(63,3,'28','','2017-07-08 00:36:01',''),(64,3,'28','','2017-07-08 00:37:01',''),(65,3,'1','','2017-07-08 00:38:01',''),(66,3,'1','','2017-07-08 00:39:02',''),(67,3,'13','','2017-07-08 00:40:02',''),(68,3,'25','','2017-07-08 00:41:01',''),(69,3,'37','','2017-07-08 00:42:01',''),(70,3,'49','','2017-07-08 00:43:01',''),(71,3,'61','','2017-07-08 00:44:01',''),(72,3,'73','','2017-07-08 00:45:02',''),(73,3,'85','','2017-07-08 00:46:01',''),(74,3,'97','','2017-07-08 00:47:01',''),(75,3,'109','','2017-07-08 00:48:01',''),(76,3,'121','','2017-07-08 00:49:01',''),(77,3,'133','','2017-07-08 00:50:02',''),(78,3,'145','','2017-07-08 00:51:01',''),(79,3,'157','','2017-07-08 00:52:01',''),(80,3,'169','','2017-07-08 00:53:01',''),(81,3,'181','','2017-07-08 00:54:02',''),(82,3,'193','','2017-07-08 00:55:02',''),(83,3,'205','','2017-07-08 00:56:01',''),(84,3,'217','','2017-07-08 00:57:01',''),(85,3,'229','','2017-07-08 00:58:01',''),(86,3,'241','','2017-07-08 00:59:01',''),(87,3,'253','','2017-07-08 01:00:03',''),(88,3,'265','','2017-07-08 01:01:01',''),(89,3,'277','','2017-07-08 01:02:01',''),(90,3,'289','','2017-07-08 01:03:01',''),(91,3,'301','','2017-07-08 01:04:01',''),(92,3,'313','','2017-07-08 01:05:02',''),(93,3,'325','','2017-07-08 01:06:01',''),(94,3,'337','','2017-07-08 01:07:02',''),(95,3,'349','','2017-07-08 01:08:01',''),(96,3,'361','','2017-07-08 01:09:01',''),(97,3,'373','','2017-07-08 01:10:02',''),(98,3,'385','','2017-07-08 01:11:01',''),(99,3,'397','','2017-07-08 01:12:02',''),(100,3,'409','','2017-07-08 01:13:01',''),(101,3,'421','','2017-07-08 01:14:02',''),(102,3,'433','','2017-07-08 01:15:02',''),(103,3,'445','','2017-07-08 01:16:02',''),(104,3,'457','','2017-07-08 01:17:01',''),(105,3,'13','','2017-07-08 02:00:03',''),(106,3,'25','','2017-07-08 03:00:03',''),(107,3,'37','','2017-07-08 04:00:04',''),(108,3,'49','','2017-07-08 05:00:03',''),(109,3,'61','','2017-07-08 06:00:03',''),(110,3,'73','','2017-07-08 07:00:03',''),(111,3,'85','','2017-07-08 09:00:03',''),(112,3,'97','','2017-07-08 10:00:03',''),(113,3,'109','','2017-07-08 11:00:03',''),(114,3,'121','','2017-07-08 12:00:03',''),(115,3,'133','','2017-07-08 13:00:03',''),(116,3,'145','','2017-07-08 14:00:03',''),(117,3,'157','','2017-07-08 15:00:03',''),(118,3,'169','','2017-07-08 16:00:03',''),(119,3,'181','','2017-07-08 17:00:03',''),(120,3,'193','','2017-07-08 18:00:03',''),(121,3,'205','','2017-07-08 19:00:03',''),(122,3,'217','','2017-07-08 20:00:03',''),(123,3,'229','','2017-07-08 21:00:03',''),(124,3,'241','','2017-07-08 22:00:03',''),(125,3,'253','','2017-07-08 23:00:03',''),(126,3,'265','','2017-07-09 00:00:03',''),(127,3,'277','','2017-07-09 01:00:03',''),(128,3,'289','','2017-07-09 01:59:56',''),(129,3,'301','','2017-07-09 02:00:03',''),(130,3,'313','','2017-07-09 03:00:04',''),(131,3,'325','','2017-07-09 04:00:03',''),(132,3,'337','','2017-07-09 05:00:03',''),(133,3,'349','','2017-07-09 06:00:02',''),(134,3,'361','','2017-07-09 07:00:03',''),(135,3,'373','','2017-07-09 12:00:03',''),(136,3,'385','','2017-07-09 13:00:03',''),(137,3,'397','','2017-07-09 14:00:03',''),(138,3,'409','','2017-07-09 15:00:03',''),(139,3,'421','','2017-07-09 16:00:03',''),(140,3,'433','','2017-07-09 17:00:03',''),(141,3,'445','','2017-07-09 18:00:03',''),(142,3,'457','','2017-07-09 19:00:03',''),(143,3,'469','','2017-07-09 20:00:04',''),(144,3,'481','','2017-07-09 21:00:03',''),(145,3,'493','','2017-07-09 22:00:03',''),(146,2,'se hizo back up de 3 entradas.','','2017-07-10 01:11:01','3'),(147,2,'no hay nuevas entradas para hacer back up','','2017-07-10 01:12:01','3'),(148,2,'no hay nuevas entradas para hacer back up','','2017-07-10 01:13:01','3'),(149,2,'no hay nuevas entradas para hacer back up','','2017-07-10 01:14:01','3'),(150,2,'no hay nuevas entradas para hacer back up','','2017-07-10 01:15:03','3'),(151,2,'no hay nuevas entradas para hacer back up','','2017-07-10 01:16:01','3'),(152,2,'no hay nuevas entradas para hacer back up','','2017-07-10 01:17:01','3'),(153,2,'no hay nuevas entradas para hacer back up','','2017-07-10 01:18:01','3'),(154,2,'no hay nuevas entradas para hacer back up','','2017-07-10 01:19:01','3'),(155,2,'no hay nuevas entradas para hacer back up','','2017-07-10 01:24:01','3'),(156,2,'no hay nuevas entradas para hacer back up','','2017-07-10 01:25:02','3'),(157,2,'no hay nuevas entradas para hacer back up','','2017-07-10 01:26:01','3'),(158,2,'no hay nuevas entradas para hacer back up','','2017-07-10 01:27:01','3'),(159,2,'no hay nuevas entradas para hacer back up','','2017-07-10 01:28:01','3'),(160,2,'no hay nuevas entradas para hacer back up','','2017-07-10 01:29:01','3'),(161,2,'no hay nuevas entradas para hacer back up','','2017-07-10 01:30:03','3'),(162,2,'no hay nuevas entradas para hacer back up','','2017-07-10 01:31:01','3'),(163,2,'no hay nuevas entradas para hacer back up','','2017-07-10 01:32:01','3'),(164,2,'no hay nuevas entradas para hacer back up','','2017-07-10 01:33:01','3'),(165,2,'no hay nuevas entradas para hacer back up','','2017-07-10 01:34:01','0'),(166,2,'se hizo back up de 3 entradas.','','2017-07-10 01:35:02','3'),(167,2,'no hay nuevas entradas para hacer back up','','2017-07-10 01:36:01','3'),(168,2,'se hizo back up de 4 entradas.','','2017-07-10 01:37:02','7'),(169,2,'no hay nuevas entradas para hacer back up','','2017-07-10 01:38:01','7'),(170,2,'se hizo back up de 3 entradas.','','2017-07-10 02:00:03','10'),(171,2,'no hay nuevas entradas para hacer back up','','2017-07-10 03:00:04','10'),(172,2,'no hay nuevas entradas para hacer back up','','2017-07-10 04:00:03','10'),(173,2,'no hay nuevas entradas para hacer back up','','2017-07-10 05:00:03','10'),(174,2,'no hay nuevas entradas para hacer back up','','2017-07-10 06:00:03','10'),(175,2,'no hay nuevas entradas para hacer back up','','2017-07-10 07:00:03','10'),(176,2,'no hay nuevas entradas para hacer back up','','2017-07-10 08:00:03','10'),(177,2,'no hay nuevas entradas para hacer back up','','2017-07-10 09:00:04','10'),(178,2,'no hay nuevas entradas para hacer back up','','2017-07-10 10:00:03','10'),(179,2,'no hay nuevas entradas para hacer back up','','2017-07-10 11:00:03','10'),(180,2,'no hay nuevas entradas para hacer back up','','2017-07-10 12:00:03','10'),(181,2,'no hay nuevas entradas para hacer back up','','2017-07-10 13:00:03','10'),(182,2,'no hay nuevas entradas para hacer back up','','2017-07-10 14:00:03','10'),(183,2,'no hay nuevas entradas para hacer back up','','2017-07-10 15:00:03','10'),(184,2,'no hay nuevas entradas para hacer back up','','2017-07-10 16:00:03','10'),(185,2,'no hay nuevas entradas para hacer back up','','2017-07-10 17:00:04','10'),(186,2,'no hay nuevas entradas para hacer back up','','2017-07-10 18:00:03','10'),(187,2,'no hay nuevas entradas para hacer back up','','2017-07-10 19:00:03','10'),(188,2,'no hay nuevas entradas para hacer back up','','2017-07-10 20:00:03','10'),(189,2,'no hay nuevas entradas para hacer back up','','2017-07-10 21:00:04','10'),(190,2,'no hay nuevas entradas para hacer back up','','2017-07-10 22:00:03','10'),(191,2,'no hay nuevas entradas para hacer back up','','2017-07-10 23:00:03','10'),(192,2,'no hay nuevas entradas para hacer back up','','2017-07-11 00:00:03','10'),(193,2,'se hizo back up de 1 entradas.','','2017-07-11 01:00:03','11'),(194,2,'se hizo back up de 6 entradas.','','2017-07-11 02:00:03','17'),(195,2,'no hay nuevas entradas para hacer back up','','2017-07-11 03:00:04','17'),(196,2,'no hay nuevas entradas para hacer back up','','2017-07-11 04:00:03','17'),(197,2,'se hizo back up de 1 entradas.','','2017-07-11 05:00:02','18'),(198,2,'no hay nuevas entradas para hacer back up','','2017-07-11 06:00:03','18'),(199,2,'no hay nuevas entradas para hacer back up','','2017-07-11 07:00:03','18'),(200,2,'no hay nuevas entradas para hacer back up','','2017-07-11 09:00:03','18'),(201,2,'no hay nuevas entradas para hacer back up','','2017-07-11 10:00:02','18'),(202,2,'no hay nuevas entradas para hacer back up','','2017-07-11 11:00:03','18'),(203,2,'no hay nuevas entradas para hacer back up','','2017-07-11 12:00:03','18'),(204,2,'no hay nuevas entradas para hacer back up','','2017-07-11 13:00:03','18'),(205,2,'no hay nuevas entradas para hacer back up','','2017-07-11 14:00:03','18'),(206,2,'no hay nuevas entradas para hacer back up','','2017-07-11 15:00:04','18'),(207,2,'no hay nuevas entradas para hacer back up','','2017-07-11 16:00:03','18'),(208,2,'no hay nuevas entradas para hacer back up','','2017-07-11 17:00:03','18'),(209,2,'no hay nuevas entradas para hacer back up','','2017-07-11 18:00:04','18'),(210,2,'no hay nuevas entradas para hacer back up','','2017-07-11 19:00:04','18'),(211,2,'no hay nuevas entradas para hacer back up','','2017-07-12 03:00:03','18'),(212,2,'se hizo back up de 5 entradas.','','2017-07-12 05:18:01','23'),(213,2,'no hay nuevas entradas para hacer back up','','2017-07-12 05:19:01','23'),(214,2,'no hay nuevas entradas para hacer back up','','2017-07-12 05:20:02','23'),(215,2,'no hay nuevas entradas para hacer back up','','2017-07-12 05:21:01','23'),(216,2,'no hay nuevas entradas para hacer back up','','2017-07-12 05:22:01','23'),(217,2,'no hay nuevas entradas para hacer back up','','2017-07-12 05:23:01','23'),(218,2,'no hay nuevas entradas para hacer back up','','2017-07-12 05:24:01','23'),(219,2,'no hay nuevas entradas para hacer back up','','2017-07-12 05:25:01','23'),(220,2,'no hay nuevas entradas para hacer back up','','2017-07-12 05:26:01','23'),(221,2,'no hay nuevas entradas para hacer back up','','2017-07-12 05:27:01','23'),(222,2,'no hay nuevas entradas para hacer back up','','2017-07-12 05:28:01','23'),(223,2,'no hay nuevas entradas para hacer back up','','2017-07-12 05:29:01','23'),(224,2,'no hay nuevas entradas para hacer back up','','2017-07-12 05:30:03','23'),(225,2,'no hay nuevas entradas para hacer back up','','2017-07-12 05:31:01','23'),(226,2,'no hay nuevas entradas para hacer back up','','2017-07-12 05:32:01','23'),(227,2,'no hay nuevas entradas para hacer back up','','2017-07-12 05:33:01','23'),(228,2,'no hay nuevas entradas para hacer back up','','2017-07-12 05:34:01','23'),(229,2,'no hay nuevas entradas para hacer back up','','2017-07-12 05:35:02','23'),(230,2,'no hay nuevas entradas para hacer back up','','2017-07-12 05:36:01','23'),(231,2,'no hay nuevas entradas para hacer back up','','2017-07-12 05:37:01','23'),(232,2,'no hay nuevas entradas para hacer back up','','2017-07-12 05:38:01','23'),(233,2,'no hay nuevas entradas para hacer back up','','2017-07-12 05:39:01','23'),(234,2,'no hay nuevas entradas para hacer back up','','2017-07-12 05:40:02','23'),(235,2,'no hay nuevas entradas para hacer back up','','2017-07-12 05:41:01','23'),(236,2,'no hay nuevas entradas para hacer back up','','2017-07-12 05:42:01','23'),(237,2,'no hay nuevas entradas para hacer back up','','2017-07-12 05:43:01','23'),(238,2,'no hay nuevas entradas para hacer back up','','2017-07-12 05:44:01','23'),(239,2,'no hay nuevas entradas para hacer back up','','2017-07-12 05:45:01','23'),(240,2,'no hay nuevas entradas para hacer back up','','2017-07-12 05:46:01','23'),(241,2,'no hay nuevas entradas para hacer back up','','2017-07-12 05:47:01','23'),(242,2,'no hay nuevas entradas para hacer back up','','2017-07-12 05:48:01','23'),(243,2,'no hay nuevas entradas para hacer back up','','2017-07-12 05:49:01','23'),(244,2,'no hay nuevas entradas para hacer back up','','2017-07-12 05:50:02','23'),(245,2,'no hay nuevas entradas para hacer back up','','2017-07-12 05:51:01','23'),(246,2,'no hay nuevas entradas para hacer back up','','2017-07-12 05:52:01','23'),(247,2,'no hay nuevas entradas para hacer back up','','2017-07-12 05:53:01','23'),(248,2,'no hay nuevas entradas para hacer back up','','2017-07-12 05:54:01','23'),(249,2,'no hay nuevas entradas para hacer back up','','2017-07-12 05:55:02','23'),(250,2,'no hay nuevas entradas para hacer back up','','2017-07-12 05:56:01','23'),(251,2,'no hay nuevas entradas para hacer back up','','2017-07-12 05:57:01','23'),(252,2,'no hay nuevas entradas para hacer back up','','2017-07-12 05:58:01','23'),(253,2,'no hay nuevas entradas para hacer back up','','2017-07-12 05:59:01','23'),(254,2,'no hay nuevas entradas para hacer back up','','2017-07-12 06:00:02','23'),(255,2,'no hay nuevas entradas para hacer back up','','2017-07-12 06:01:01','23'),(256,2,'no hay nuevas entradas para hacer back up','','2017-07-12 06:02:01','23'),(257,2,'no hay nuevas entradas para hacer back up','','2017-07-12 06:03:01','23'),(258,2,'no hay nuevas entradas para hacer back up','','2017-07-12 06:04:01','23'),(259,2,'no hay nuevas entradas para hacer back up','','2017-07-12 06:05:02','23'),(260,2,'no hay nuevas entradas para hacer back up','','2017-07-12 06:06:01','23'),(261,2,'no hay nuevas entradas para hacer back up','','2017-07-12 06:07:01','23'),(262,2,'no hay nuevas entradas para hacer back up','','2017-07-12 06:08:01','23'),(263,2,'no hay nuevas entradas para hacer back up','','2017-07-12 06:09:01','23'),(264,2,'no hay nuevas entradas para hacer back up','','2017-07-12 06:10:02','23'),(265,2,'no hay nuevas entradas para hacer back up','','2017-07-12 06:11:01','23'),(266,2,'no hay nuevas entradas para hacer back up','','2017-07-12 06:12:01','23'),(267,2,'no hay nuevas entradas para hacer back up','','2017-07-12 06:13:01','23'),(268,2,'no hay nuevas entradas para hacer back up','','2017-07-12 06:14:01','23'),(269,2,'no hay nuevas entradas para hacer back up','','2017-07-12 06:15:02','23'),(270,2,'no hay nuevas entradas para hacer back up','','2017-07-12 06:16:01','23'),(271,2,'no hay nuevas entradas para hacer back up','','2017-07-12 06:17:01','23'),(272,2,'no hay nuevas entradas para hacer back up','','2017-07-12 06:18:01','23'),(273,2,'no hay nuevas entradas para hacer back up','','2017-07-12 06:19:01','23'),(274,2,'no hay nuevas entradas para hacer back up','','2017-07-12 06:20:02','23'),(275,2,'no hay nuevas entradas para hacer back up','','2017-07-12 06:21:01','23'),(276,2,'no hay nuevas entradas para hacer back up','','2017-07-12 06:22:01','23'),(277,2,'no hay nuevas entradas para hacer back up','','2017-07-12 06:23:01','23'),(278,2,'no hay nuevas entradas para hacer back up','','2017-07-12 06:24:01','23'),(279,2,'no hay nuevas entradas para hacer back up','','2017-07-12 06:25:02','23'),(280,2,'no hay nuevas entradas para hacer back up','','2017-07-12 06:26:01','23'),(281,2,'no hay nuevas entradas para hacer back up','','2017-07-12 06:27:01','23'),(282,2,'no hay nuevas entradas para hacer back up','','2017-07-12 06:28:01','23'),(283,2,'no hay nuevas entradas para hacer back up','','2017-07-12 06:29:01','23'),(284,2,'no hay nuevas entradas para hacer back up','','2017-07-12 06:30:03','23'),(285,2,'no hay nuevas entradas para hacer back up','','2017-07-12 06:31:01','23'),(286,2,'no hay nuevas entradas para hacer back up','','2017-07-12 06:32:01','23'),(287,2,'no hay nuevas entradas para hacer back up','','2017-07-12 06:33:01','23'),(288,2,'no hay nuevas entradas para hacer back up','','2017-07-12 06:34:01','23'),(289,2,'no hay nuevas entradas para hacer back up','','2017-07-12 06:35:02','23'),(290,2,'no hay nuevas entradas para hacer back up','','2017-07-12 06:36:01','23'),(291,2,'no hay nuevas entradas para hacer back up','','2017-07-12 06:37:01','23'),(292,2,'no hay nuevas entradas para hacer back up','','2017-07-12 06:38:01','23'),(293,2,'no hay nuevas entradas para hacer back up','','2017-07-12 06:39:01','23'),(294,2,'no hay nuevas entradas para hacer back up','','2017-07-12 06:40:02','23'),(295,2,'no hay nuevas entradas para hacer back up','','2017-07-12 06:41:01','23'),(296,2,'no hay nuevas entradas para hacer back up','','2017-07-12 06:42:01','23'),(297,2,'no hay nuevas entradas para hacer back up','','2017-07-12 06:43:01','23'),(298,2,'no hay nuevas entradas para hacer back up','','2017-07-12 06:44:01','23'),(299,2,'no hay nuevas entradas para hacer back up','','2017-07-12 06:45:02','23'),(300,2,'no hay nuevas entradas para hacer back up','','2017-07-12 06:46:01','23'),(301,2,'no hay nuevas entradas para hacer back up','','2017-07-12 06:47:01','23'),(302,2,'no hay nuevas entradas para hacer back up','','2017-07-12 06:48:01','23'),(303,2,'no hay nuevas entradas para hacer back up','','2017-07-12 06:49:01','23'),(304,2,'no hay nuevas entradas para hacer back up','','2017-07-12 06:50:02','23'),(305,2,'no hay nuevas entradas para hacer back up','','2017-07-12 06:51:01','23'),(306,2,'no hay nuevas entradas para hacer back up','','2017-07-12 06:52:01','23'),(307,2,'no hay nuevas entradas para hacer back up','','2017-07-12 06:53:01','23'),(308,2,'no hay nuevas entradas para hacer back up','','2017-07-12 06:54:01','23'),(309,2,'no hay nuevas entradas para hacer back up','','2017-07-12 06:55:02','23'),(310,2,'se hizo back up de 7 entradas.','','2017-07-13 04:10:02','31'),(311,2,'no hay nuevas entradas para hacer back up','','2017-07-13 04:15:02','31'),(312,2,'no hay nuevas entradas para hacer back up','','2017-07-13 04:20:02','31'),(313,2,'no hay nuevas entradas para hacer back up','','2017-07-13 04:25:02','31'),(314,2,'no hay nuevas entradas para hacer back up','','2017-07-13 04:30:03','31'),(315,2,'no hay nuevas entradas para hacer back up','','2017-07-13 04:35:02','31'),(316,2,'no hay nuevas entradas para hacer back up','','2017-07-13 04:40:02','31'),(317,2,'no hay nuevas entradas para hacer back up','','2017-07-13 04:45:02','31'),(318,2,'no hay nuevas entradas para hacer back up','','2017-07-13 04:50:02','31'),(319,2,'no hay nuevas entradas para hacer back up','','2017-07-13 04:55:02','31'),(320,2,'no hay nuevas entradas para hacer back up','','2017-07-13 05:00:03','31'),(321,2,'no hay nuevas entradas para hacer back up','','2017-07-13 05:05:02','31'),(322,2,'no hay nuevas entradas para hacer back up','','2017-07-13 05:10:02','31'),(323,2,'no hay nuevas entradas para hacer back up','','2017-07-13 05:15:03','31'),(324,2,'no hay nuevas entradas para hacer back up','','2017-07-13 05:20:03','31'),(325,2,'no hay nuevas entradas para hacer back up','','2017-07-13 05:25:02','31'),(326,2,'no hay nuevas entradas para hacer back up','','2017-07-13 05:30:03','31'),(327,2,'no hay nuevas entradas para hacer back up','','2017-07-13 05:35:02','31'),(328,2,'no hay nuevas entradas para hacer back up','','2017-07-13 05:40:02','31'),(329,2,'no hay nuevas entradas para hacer back up','','2017-07-13 05:45:01','31'),(330,2,'no hay nuevas entradas para hacer back up','','2017-07-13 05:50:02','31'),(331,2,'no hay nuevas entradas para hacer back up','','2017-07-13 05:55:02','31'),(332,2,'no hay nuevas entradas para hacer back up','','2017-07-13 06:00:03','31'),(333,2,'no hay nuevas entradas para hacer back up','','2017-07-13 06:05:02','31'),(334,2,'no hay nuevas entradas para hacer back up','','2017-07-13 06:10:02','31'),(335,2,'no hay nuevas entradas para hacer back up','','2017-07-13 06:15:02','31'),(336,2,'no hay nuevas entradas para hacer back up','','2017-07-13 06:20:02','31'),(337,2,'no hay nuevas entradas para hacer back up','','2017-07-13 06:25:02','31'),(338,2,'no hay nuevas entradas para hacer back up','','2017-07-13 06:30:03','31'),(339,2,'no hay nuevas entradas para hacer back up','','2017-07-13 06:35:02','31'),(340,2,'no hay nuevas entradas para hacer back up','','2017-07-13 06:40:02','31'),(341,2,'no hay nuevas entradas para hacer back up','','2017-07-13 06:45:02','31'),(342,2,'no hay nuevas entradas para hacer back up','','2017-07-13 06:50:03','31'),(343,2,'no hay nuevas entradas para hacer back up','','2017-07-13 06:55:02','31'),(344,2,'no hay nuevas entradas para hacer back up','','2017-07-13 07:00:03','31'),(345,2,'no hay nuevas entradas para hacer back up','','2017-07-13 07:05:02','31'),(346,2,'no hay nuevas entradas para hacer back up','','2017-07-13 07:10:02','31'),(347,2,'no hay nuevas entradas para hacer back up','','2017-07-13 07:15:03','31'),(348,2,'no hay nuevas entradas para hacer back up','','2017-07-13 07:20:03','31'),(349,2,'no hay nuevas entradas para hacer back up','','2017-07-13 07:25:02','31'),(350,2,'no hay nuevas entradas para hacer back up','','2017-07-13 07:30:03','31'),(351,2,'no hay nuevas entradas para hacer back up','','2017-07-13 07:35:02','31'),(352,2,'no hay nuevas entradas para hacer back up','','2017-07-13 07:40:02','31'),(353,2,'no hay nuevas entradas para hacer back up','','2017-07-13 07:45:02','31'),(354,2,'no hay nuevas entradas para hacer back up','','2017-07-13 07:50:03','31'),(355,2,'no hay nuevas entradas para hacer back up','','2017-07-13 07:55:02','31'),(356,2,'no hay nuevas entradas para hacer back up','','2017-07-13 08:00:03','31'),(357,2,'no hay nuevas entradas para hacer back up','','2017-07-13 08:05:02','31'),(358,2,'no hay nuevas entradas para hacer back up','','2017-07-13 08:10:02','31'),(359,2,'no hay nuevas entradas para hacer back up','','2017-07-13 08:15:02','31'),(360,2,'no hay nuevas entradas para hacer back up','','2017-07-13 08:20:02','31'),(361,2,'no hay nuevas entradas para hacer back up','','2017-07-13 08:25:01','31'),(362,2,'no hay nuevas entradas para hacer back up','','2017-07-13 08:30:02','31'),(363,2,'no hay nuevas entradas para hacer back up','','2017-07-13 08:35:02','31'),(364,2,'no hay nuevas entradas para hacer back up','','2017-07-13 08:40:02','31'),(365,2,'no hay nuevas entradas para hacer back up','','2017-07-13 08:45:02','31'),(366,2,'no hay nuevas entradas para hacer back up','','2017-07-13 08:50:02','31'),(367,2,'no hay nuevas entradas para hacer back up','','2017-07-13 08:55:02','31'),(368,2,'no hay nuevas entradas para hacer back up','','2017-07-13 09:00:03','31'),(369,2,'no hay nuevas entradas para hacer back up','','2017-07-13 09:05:02','31'),(370,2,'no hay nuevas entradas para hacer back up','','2017-07-13 09:10:02','31'),(371,2,'no hay nuevas entradas para hacer back up','','2017-07-13 09:15:02','31'),(372,2,'no hay nuevas entradas para hacer back up','','2017-07-13 09:20:02','31'),(373,2,'no hay nuevas entradas para hacer back up','','2017-07-13 09:25:02','31'),(374,2,'no hay nuevas entradas para hacer back up','','2017-07-13 09:30:03','31'),(375,2,'no hay nuevas entradas para hacer back up','','2017-07-13 09:35:02','31'),(376,2,'no hay nuevas entradas para hacer back up','','2017-07-13 09:40:02','31'),(377,2,'no hay nuevas entradas para hacer back up','','2017-07-13 09:45:02','31'),(378,2,'no hay nuevas entradas para hacer back up','','2017-07-13 09:50:02','31'),(379,2,'no hay nuevas entradas para hacer back up','','2017-07-13 09:55:02','31'),(380,2,'no hay nuevas entradas para hacer back up','','2017-07-13 10:00:03','31'),(381,2,'no hay nuevas entradas para hacer back up','','2017-07-13 10:05:01','31'),(382,2,'no hay nuevas entradas para hacer back up','','2017-07-13 10:10:02','31'),(383,2,'no hay nuevas entradas para hacer back up','','2017-07-13 10:15:02','31'),(384,2,'no hay nuevas entradas para hacer back up','','2017-07-13 10:20:03','31'),(385,2,'no hay nuevas entradas para hacer back up','','2017-07-13 10:25:02','31'),(386,2,'no hay nuevas entradas para hacer back up','','2017-07-13 10:30:03','31'),(387,2,'no hay nuevas entradas para hacer back up','','2017-07-13 10:35:02','31'),(388,2,'no hay nuevas entradas para hacer back up','','2017-07-13 10:40:02','31'),(389,2,'no hay nuevas entradas para hacer back up','','2017-07-13 10:45:02','31'),(390,2,'no hay nuevas entradas para hacer back up','','2017-07-13 10:50:03','31'),(391,2,'no hay nuevas entradas para hacer back up','','2017-07-13 10:55:02','31'),(392,2,'no hay nuevas entradas para hacer back up','','2017-07-13 11:00:03','31'),(393,2,'no hay nuevas entradas para hacer back up','','2017-07-13 11:05:02','31'),(394,2,'no hay nuevas entradas para hacer back up','','2017-07-13 11:10:02','31'),(395,2,'no hay nuevas entradas para hacer back up','','2017-07-13 11:15:02','31'),(396,2,'no hay nuevas entradas para hacer back up','','2017-07-13 11:20:02','31'),(397,2,'no hay nuevas entradas para hacer back up','','2017-07-13 11:25:02','31'),(398,2,'no hay nuevas entradas para hacer back up','','2017-07-13 11:30:03','31'),(399,2,'no hay nuevas entradas para hacer back up','','2017-07-13 11:35:02','31'),(400,2,'no hay nuevas entradas para hacer back up','','2017-07-13 11:40:03','31'),(401,2,'no hay nuevas entradas para hacer back up','','2017-07-13 11:45:02','31'),(402,2,'no hay nuevas entradas para hacer back up','','2017-07-13 11:50:02','31'),(403,2,'no hay nuevas entradas para hacer back up','','2017-07-13 11:55:01','31'),(404,2,'no hay nuevas entradas para hacer back up','','2017-07-13 12:00:03','31'),(405,2,'no hay nuevas entradas para hacer back up','','2017-07-13 12:05:02','31'),(406,2,'no hay nuevas entradas para hacer back up','','2017-07-13 12:10:02','31'),(407,2,'no hay nuevas entradas para hacer back up','','2017-07-13 12:15:02','31'),(408,2,'no hay nuevas entradas para hacer back up','','2017-07-13 12:20:03','31'),(409,2,'no hay nuevas entradas para hacer back up','','2017-07-13 12:25:02','31'),(410,2,'no hay nuevas entradas para hacer back up','','2017-07-13 12:30:03','31'),(411,2,'no hay nuevas entradas para hacer back up','','2017-07-13 12:35:02','31'),(412,2,'no hay nuevas entradas para hacer back up','','2017-07-13 12:40:03','31'),(413,2,'se hizo back up de 8 entradas.','','2017-07-14 03:00:04','39'),(414,2,'se hizo back up de 10 entradas.','','2017-07-18 00:05:02','49'),(415,2,'no hay nuevas entradas para hacer back up','','2017-07-18 00:10:02','49'),(416,2,'no hay nuevas entradas para hacer back up','','2017-07-18 00:15:02','49'),(417,2,'no hay nuevas entradas para hacer back up','','2017-07-18 00:20:03','49'),(418,2,'no hay nuevas entradas para hacer back up','','2017-07-18 00:25:02','49'),(419,2,'no hay nuevas entradas para hacer back up','','2017-07-18 00:30:02','49'),(420,2,'no hay nuevas entradas para hacer back up','','2017-07-18 01:00:03','49'),(421,2,'no hay nuevas entradas para hacer back up','','2017-07-18 02:00:04','49'),(422,2,'no hay nuevas entradas para hacer back up','','2017-07-18 03:00:04','49'),(423,2,'no hay nuevas entradas para hacer back up','','2017-07-18 04:00:04','49'),(424,2,'no hay nuevas entradas para hacer back up','','2017-07-18 05:00:03','49'),(425,2,'no hay nuevas entradas para hacer back up','','2017-07-18 06:00:04','49'),(426,2,'no hay nuevas entradas para hacer back up','','2017-07-18 07:00:03','49'),(427,2,'no hay nuevas entradas para hacer back up','','2017-07-18 08:00:03','49'),(428,2,'no hay nuevas entradas para hacer back up','','2017-07-18 09:00:04','49'),(429,2,'no hay nuevas entradas para hacer back up','','2017-07-18 10:00:03','49'),(430,2,'no hay nuevas entradas para hacer back up','','2017-07-18 11:00:03','49'),(431,2,'no hay nuevas entradas para hacer back up','','2017-07-18 12:00:03','49'),(432,2,'no hay nuevas entradas para hacer back up','','2017-07-18 13:00:03','49'),(433,2,'se hizo back up de 5 entradas.','','2017-07-18 15:00:04','54'),(434,2,'se hizo back up de 50 entradas.','','2017-07-19 03:00:04','104'),(435,2,'se hizo back up de 12 entradas.','','2017-07-21 13:25:02','116'),(436,2,'no hay nuevas entradas para hacer back up','','2017-07-21 13:30:03','116'),(437,2,'no hay nuevas entradas para hacer back up','','2017-07-21 13:35:02','116'),(438,2,'no hay nuevas entradas para hacer back up','','2017-07-21 13:40:03','116'),(439,2,'no hay nuevas entradas para hacer back up','','2017-07-21 13:45:02','116'),(440,2,'no hay nuevas entradas para hacer back up','','2017-07-21 13:50:03','116'),(441,2,'no hay nuevas entradas para hacer back up','','2017-07-21 13:55:02','116'),(442,2,'no hay nuevas entradas para hacer back up','','2017-07-21 14:00:03','116'),(443,2,'no hay nuevas entradas para hacer back up','','2017-07-21 14:05:02','116'),(444,2,'no hay nuevas entradas para hacer back up','','2017-07-21 14:10:02','116'),(445,2,'no hay nuevas entradas para hacer back up','','2017-07-21 14:15:02','116'),(446,2,'no hay nuevas entradas para hacer back up','','2017-07-21 14:20:03','116'),(447,2,'no hay nuevas entradas para hacer back up','','2017-07-21 14:25:02','116'),(448,2,'no hay nuevas entradas para hacer back up','','2017-07-21 14:30:04','116'),(449,2,'no hay nuevas entradas para hacer back up','','2017-07-21 14:35:03','116'),(450,2,'no hay nuevas entradas para hacer back up','','2017-07-21 14:40:02','116'),(451,2,'no hay nuevas entradas para hacer back up','','2017-07-21 14:45:02','116'),(452,2,'no hay nuevas entradas para hacer back up','','2017-07-21 14:50:03','116'),(453,2,'no hay nuevas entradas para hacer back up','','2017-07-21 14:55:02','116'),(454,2,'no hay nuevas entradas para hacer back up','','2017-07-21 15:00:03','116'),(455,2,'no hay nuevas entradas para hacer back up','','2017-07-21 15:05:02','116'),(456,2,'no hay nuevas entradas para hacer back up','','2017-07-21 15:10:03','116'),(457,2,'no hay nuevas entradas para hacer back up','','2017-07-21 15:15:03','116'),(458,2,'no hay nuevas entradas para hacer back up','','2017-07-21 15:20:03','116'),(459,2,'no hay nuevas entradas para hacer back up','','2017-07-21 15:25:02','116'),(460,2,'no hay nuevas entradas para hacer back up','','2017-07-21 15:30:03','116'),(461,2,'no hay nuevas entradas para hacer back up','','2017-07-21 15:35:02','116'),(462,2,'no hay nuevas entradas para hacer back up','','2017-07-21 15:40:02','116'),(463,2,'no hay nuevas entradas para hacer back up','','2017-07-21 15:45:03','116'),(464,2,'no hay nuevas entradas para hacer back up','','2017-07-21 15:50:03','116'),(465,2,'no hay nuevas entradas para hacer back up','','2017-07-21 15:55:02','116'),(466,2,'no hay nuevas entradas para hacer back up','','2017-07-21 16:00:03','116'),(467,2,'no hay nuevas entradas para hacer back up','','2017-07-21 16:05:02','116'),(468,2,'no hay nuevas entradas para hacer back up','','2017-07-21 16:10:03','116'),(469,2,'no hay nuevas entradas para hacer back up','','2017-07-21 16:15:02','116'),(470,2,'no hay nuevas entradas para hacer back up','','2017-07-21 16:20:02','116'),(471,2,'no hay nuevas entradas para hacer back up','','2017-07-21 16:25:02','116'),(472,2,'no hay nuevas entradas para hacer back up','','2017-07-21 16:30:03','116'),(473,2,'no hay nuevas entradas para hacer back up','','2017-07-21 16:35:02','116'),(474,2,'no hay nuevas entradas para hacer back up','','2017-07-21 16:40:02','116'),(475,2,'no hay nuevas entradas para hacer back up','','2017-07-21 16:45:02','116'),(476,2,'no hay nuevas entradas para hacer back up','','2017-07-21 16:50:03','116'),(477,2,'no hay nuevas entradas para hacer back up','','2017-07-21 16:55:02','116'),(478,2,'no hay nuevas entradas para hacer back up','','2017-07-21 17:00:03','116'),(479,2,'no hay nuevas entradas para hacer back up','','2017-07-21 17:05:02','116'),(480,2,'no hay nuevas entradas para hacer back up','','2017-07-21 17:10:03','116'),(481,2,'no hay nuevas entradas para hacer back up','','2017-07-21 17:15:02','116'),(482,2,'no hay nuevas entradas para hacer back up','','2017-07-21 17:20:03','116'),(483,2,'no hay nuevas entradas para hacer back up','','2017-07-21 17:25:01','116'),(484,2,'no hay nuevas entradas para hacer back up','','2017-07-21 17:30:03','116'),(485,2,'no hay nuevas entradas para hacer back up','','2017-07-21 17:35:02','116'),(486,2,'no hay nuevas entradas para hacer back up','','2017-07-21 17:40:03','116'),(487,2,'no hay nuevas entradas para hacer back up','','2017-07-21 17:45:02','116'),(488,2,'no hay nuevas entradas para hacer back up','','2017-07-21 17:50:02','116'),(489,2,'no hay nuevas entradas para hacer back up','','2017-07-21 17:55:02','116'),(490,2,'no hay nuevas entradas para hacer back up','','2017-07-21 18:00:03','116'),(491,2,'no hay nuevas entradas para hacer back up','','2017-07-21 18:05:02','116'),(492,2,'no hay nuevas entradas para hacer back up','','2017-07-21 18:10:03','116'),(493,2,'no hay nuevas entradas para hacer back up','','2017-07-21 18:15:02','116'),(494,2,'no hay nuevas entradas para hacer back up','','2017-07-21 18:20:03','116'),(495,2,'no hay nuevas entradas para hacer back up','','2017-07-21 18:25:02','116'),(496,2,'no hay nuevas entradas para hacer back up','','2017-07-21 18:30:03','116'),(497,2,'no hay nuevas entradas para hacer back up','','2017-07-21 18:35:02','116'),(498,2,'no hay nuevas entradas para hacer back up','','2017-07-21 18:40:03','116'),(499,2,'no hay nuevas entradas para hacer back up','','2017-07-21 18:45:02','116'),(500,2,'no hay nuevas entradas para hacer back up','','2017-07-21 18:50:03','116'),(501,2,'no hay nuevas entradas para hacer back up','','2017-07-21 18:55:02','116'),(502,2,'no hay nuevas entradas para hacer back up','','2017-07-21 19:00:03','116'),(503,2,'no hay nuevas entradas para hacer back up','','2017-07-21 19:05:02','116'),(504,2,'no hay nuevas entradas para hacer back up','','2017-07-21 19:10:02','116'),(505,2,'no hay nuevas entradas para hacer back up','','2017-07-21 19:15:03','116'),(506,2,'no hay nuevas entradas para hacer back up','','2017-07-21 19:20:03','116'),(507,2,'no hay nuevas entradas para hacer back up','','2017-07-21 19:25:02','116'),(508,2,'no hay nuevas entradas para hacer back up','','2017-07-21 19:30:04','116'),(509,2,'no hay nuevas entradas para hacer back up','','2017-07-21 19:35:02','116'),(510,2,'no hay nuevas entradas para hacer back up','','2017-07-21 19:40:02','116'),(511,2,'no hay nuevas entradas para hacer back up','','2017-07-21 19:45:02','116'),(512,2,'no hay nuevas entradas para hacer back up','','2017-07-21 19:50:03','116'),(513,2,'no hay nuevas entradas para hacer back up','','2017-07-21 19:55:02','116'),(514,2,'no hay nuevas entradas para hacer back up','','2017-07-21 20:00:03','116'),(515,2,'no hay nuevas entradas para hacer back up','','2017-07-21 20:05:02','116'),(516,2,'no hay nuevas entradas para hacer back up','','2017-07-21 20:10:02','116'),(517,2,'no hay nuevas entradas para hacer back up','','2017-07-21 21:00:04','116'),(518,2,'no hay nuevas entradas para hacer back up','','2017-07-21 22:00:04','116'),(519,2,'no hay nuevas entradas para hacer back up','','2017-07-21 23:00:04','116'),(520,2,'no hay nuevas entradas para hacer back up','','2017-07-22 00:00:03','116'),(521,2,'no hay nuevas entradas para hacer back up','','2017-07-22 01:00:03','116'),(522,2,'no hay nuevas entradas para hacer back up','','2017-07-22 02:00:03','116'),(523,2,'no hay nuevas entradas para hacer back up','','2017-07-22 03:00:04','116'),(524,2,'no hay nuevas entradas para hacer back up','','2017-07-22 04:00:04','116'),(525,2,'no hay nuevas entradas para hacer back up','','2017-07-22 05:00:03','116'),(526,2,'no hay nuevas entradas para hacer back up','','2017-07-22 06:00:03','116'),(527,2,'no hay nuevas entradas para hacer back up','','2017-07-22 07:00:04','116'),(528,2,'no hay nuevas entradas para hacer back up','','2017-07-22 08:00:03','116'),(529,2,'no hay nuevas entradas para hacer back up','','2017-07-22 09:00:04','116'),(530,2,'no hay nuevas entradas para hacer back up','','2017-07-22 10:00:03','116'),(531,2,'no hay nuevas entradas para hacer back up','','2017-07-22 11:00:03','116'),(532,2,'no hay nuevas entradas para hacer back up','','2017-07-22 12:00:03','116'),(533,2,'no hay nuevas entradas para hacer back up','','2017-07-22 13:00:03','116'),(534,2,'no hay nuevas entradas para hacer back up','','2017-07-22 14:00:03','116'),(535,2,'no hay nuevas entradas para hacer back up','','2017-07-22 15:00:03','116'),(536,2,'no hay nuevas entradas para hacer back up','','2017-07-22 16:00:03','116'),(537,2,'no hay nuevas entradas para hacer back up','','2017-07-22 17:00:03','116'),(538,2,'no hay nuevas entradas para hacer back up','','2017-07-22 18:00:03','116'),(539,2,'no hay nuevas entradas para hacer back up','','2017-07-22 19:00:03','116'),(540,2,'no hay nuevas entradas para hacer back up','','2017-07-22 20:00:03','116'),(541,2,'no hay nuevas entradas para hacer back up','','2017-07-22 21:00:03','116'),(542,2,'no hay nuevas entradas para hacer back up','','2017-07-22 22:00:03','116'),(543,2,'no hay nuevas entradas para hacer back up','','2017-07-22 23:00:03','116'),(544,2,'no hay nuevas entradas para hacer back up','','2017-07-23 00:00:03','116'),(545,2,'no hay nuevas entradas para hacer back up','','2017-07-23 01:00:03','116'),(546,2,'no hay nuevas entradas para hacer back up','','2017-07-23 01:59:57','116'),(547,2,'no hay nuevas entradas para hacer back up','','2017-07-23 02:00:03','116'),(548,2,'no hay nuevas entradas para hacer back up','','2017-07-23 03:00:04','116'),(549,2,'no hay nuevas entradas para hacer back up','','2017-07-23 04:00:03','116'),(550,2,'no hay nuevas entradas para hacer back up','','2017-07-23 05:00:03','116'),(551,2,'no hay nuevas entradas para hacer back up','','2017-07-23 06:00:03','116'),(552,2,'no hay nuevas entradas para hacer back up','','2017-07-23 07:00:03','116'),(553,2,'no hay nuevas entradas para hacer back up','','2017-07-23 08:00:03','116'),(554,2,'no hay nuevas entradas para hacer back up','','2017-07-23 09:00:03','116'),(555,2,'no hay nuevas entradas para hacer back up','','2017-07-23 10:00:03','116'),(556,2,'no hay nuevas entradas para hacer back up','','2017-07-23 11:00:03','116'),(557,2,'no hay nuevas entradas para hacer back up','','2017-07-23 12:00:03','116'),(558,2,'no hay nuevas entradas para hacer back up','','2017-07-23 13:00:03','116'),(559,2,'no hay nuevas entradas para hacer back up','','2017-07-23 14:00:03','116'),(560,2,'no hay nuevas entradas para hacer back up','','2017-07-23 15:00:03','116'),(561,2,'no hay nuevas entradas para hacer back up','','2017-07-23 16:00:03','116'),(562,2,'no hay nuevas entradas para hacer back up','','2017-07-23 17:00:03','116'),(563,2,'no hay nuevas entradas para hacer back up','','2017-07-23 18:00:04','116'),(564,2,'no hay nuevas entradas para hacer back up','','2017-07-23 19:00:03','116'),(565,2,'no hay nuevas entradas para hacer back up','','2017-07-23 20:00:03','116'),(566,2,'no hay nuevas entradas para hacer back up','','2017-07-23 21:00:03','116'),(567,2,'no hay nuevas entradas para hacer back up','','2017-07-23 22:00:03','116'),(568,2,'no hay nuevas entradas para hacer back up','','2017-07-23 23:00:03','116'),(569,2,'no hay nuevas entradas para hacer back up','','2017-07-24 00:00:04','116'),(570,2,'no hay nuevas entradas para hacer back up','','2017-07-24 01:00:03','116'),(571,2,'no hay nuevas entradas para hacer back up','','2017-07-24 02:00:04','116'),(572,2,'no hay nuevas entradas para hacer back up','','2017-07-24 03:00:04','116'),(573,2,'no hay nuevas entradas para hacer back up','','2017-07-24 04:00:03','116'),(574,2,'no hay nuevas entradas para hacer back up','','2017-07-24 05:00:03','116'),(575,2,'no hay nuevas entradas para hacer back up','','2017-07-24 06:00:03','116'),(576,2,'no hay nuevas entradas para hacer back up','','2017-07-24 07:00:04','116'),(577,2,'no hay nuevas entradas para hacer back up','','2017-07-24 08:00:03','116'),(578,2,'no hay nuevas entradas para hacer back up','','2017-07-24 09:00:04','116'),(579,2,'no hay nuevas entradas para hacer back up','','2017-07-24 10:00:03','116'),(580,2,'no hay nuevas entradas para hacer back up','','2017-07-24 11:00:04','116'),(581,2,'no hay nuevas entradas para hacer back up','','2017-07-24 12:00:03','116'),(582,2,'no hay nuevas entradas para hacer back up','','2017-07-24 13:00:03','116'),(583,2,'se hizo back up de 1 entradas.','','2017-07-24 14:00:03','117'),(584,2,'no hay nuevas entradas para hacer back up','','2017-07-24 15:00:04','117'),(585,2,'no hay nuevas entradas para hacer back up','','2017-07-24 16:00:03','117'),(586,2,'no hay nuevas entradas para hacer back up','','2017-07-24 17:00:03','117'),(587,2,'no hay nuevas entradas para hacer back up','','2017-07-24 18:00:03','117'),(588,2,'no hay nuevas entradas para hacer back up','','2017-07-24 19:00:03','117'),(589,2,'se hizo back up de 2 entradas.','','2017-07-24 20:00:04','119'),(590,2,'no hay nuevas entradas para hacer back up','','2017-07-24 21:00:04','119'),(591,2,'no hay nuevas entradas para hacer back up','','2017-07-24 22:00:03','119'),(592,2,'no hay nuevas entradas para hacer back up','','2017-07-24 23:00:03','119'),(593,2,'no hay nuevas entradas para hacer back up','','2017-07-25 00:00:03','119'),(594,2,'no hay nuevas entradas para hacer back up','','2017-07-25 01:00:03','119'),(595,2,'no hay nuevas entradas para hacer back up','','2017-07-25 02:00:03','119'),(596,2,'no hay nuevas entradas para hacer back up','','2017-07-25 03:00:05','119'),(597,2,'no hay nuevas entradas para hacer back up','','2017-07-25 04:00:04','119'),(598,2,'se hizo back up de 1 entradas.','','2017-07-25 05:00:03','120'),(599,2,'no hay nuevas entradas para hacer back up','','2017-07-25 06:00:03','120'),(600,2,'no hay nuevas entradas para hacer back up','','2017-07-25 07:00:03','120'),(601,2,'no hay nuevas entradas para hacer back up','','2017-07-25 08:00:04','120'),(602,2,'no hay nuevas entradas para hacer back up','','2017-07-25 09:00:04','120'),(603,2,'no hay nuevas entradas para hacer back up','','2017-07-25 10:00:03','120'),(604,2,'no hay nuevas entradas para hacer back up','','2017-07-25 11:00:03','120'),(605,2,'no hay nuevas entradas para hacer back up','','2017-07-25 12:00:03','120'),(606,2,'no hay nuevas entradas para hacer back up','','2017-07-25 13:00:03','120'),(607,2,'no hay nuevas entradas para hacer back up','','2017-07-25 14:00:03','120'),(608,2,'no hay nuevas entradas para hacer back up','','2017-07-25 15:00:03','120'),(609,2,'no hay nuevas entradas para hacer back up','','2017-07-25 16:00:04','120'),(610,2,'no hay nuevas entradas para hacer back up','','2017-07-25 17:00:03','120'),(611,2,'no hay nuevas entradas para hacer back up','','2017-07-25 18:00:04','120'),(612,2,'no hay nuevas entradas para hacer back up','','2017-07-25 19:00:03','120'),(613,2,'se hizo back up de 1 entradas.','','2017-07-25 20:00:03','121'),(614,2,'no hay nuevas entradas para hacer back up','','2017-07-25 21:00:03','121'),(615,2,'no hay nuevas entradas para hacer back up','','2017-07-25 22:00:04','121'),(616,2,'no hay nuevas entradas para hacer back up','','2017-07-25 23:00:03','121'),(617,2,'no hay nuevas entradas para hacer back up','','2017-07-26 00:00:04','121'),(618,2,'no hay nuevas entradas para hacer back up','','2017-07-26 01:00:03','121'),(619,2,'no hay nuevas entradas para hacer back up','','2017-07-26 02:00:04','121'),(620,2,'no hay nuevas entradas para hacer back up','','2017-07-26 03:00:05','121'),(621,2,'se hizo back up de 1 entradas.','','2017-07-26 04:00:04','122'),(622,2,'no hay nuevas entradas para hacer back up','','2017-07-26 05:00:03','122'),(623,2,'no hay nuevas entradas para hacer back up','','2017-07-26 06:00:03','122'),(624,2,'no hay nuevas entradas para hacer back up','','2017-07-26 07:00:03','122'),(625,2,'no hay nuevas entradas para hacer back up','','2017-07-26 08:00:03','122'),(626,2,'no hay nuevas entradas para hacer back up','','2017-07-26 09:00:04','122'),(627,2,'no hay nuevas entradas para hacer back up','','2017-07-26 10:00:03','122'),(628,2,'no hay nuevas entradas para hacer back up','','2017-07-26 11:00:03','122'),(629,2,'no hay nuevas entradas para hacer back up','','2017-07-26 12:00:03','122'),(630,2,'no hay nuevas entradas para hacer back up','','2017-07-26 13:00:03','122'),(631,2,'se hizo back up de 1 entradas.','','2017-07-26 14:00:03','123'),(632,2,'no hay nuevas entradas para hacer back up','','2017-07-26 15:00:04','123'),(633,2,'no hay nuevas entradas para hacer back up','','2017-07-26 16:00:03','123'),(634,2,'no hay nuevas entradas para hacer back up','','2017-07-26 17:00:03','123'),(635,2,'no hay nuevas entradas para hacer back up','','2017-07-26 18:00:03','123'),(636,2,'no hay nuevas entradas para hacer back up','','2017-07-26 19:00:03','123'),(637,2,'no hay nuevas entradas para hacer back up','','2017-07-26 20:00:04','123'),(638,2,'se hizo back up de 1 entradas.','','2017-07-26 21:00:03','124'),(639,2,'no hay nuevas entradas para hacer back up','','2017-07-26 22:00:03','124'),(640,2,'no hay nuevas entradas para hacer back up','','2017-07-26 23:00:03','124'),(641,2,'no hay nuevas entradas para hacer back up','','2017-07-27 00:00:03','124'),(642,2,'no hay nuevas entradas para hacer back up','','2017-07-27 01:00:04','124'),(643,2,'no hay nuevas entradas para hacer back up','','2017-07-27 02:00:03','124'),(644,2,'se hizo back up de 1 entradas.','','2017-07-27 03:00:04','125'),(645,2,'no hay nuevas entradas para hacer back up','','2017-07-27 04:00:03','125'),(646,2,'no hay nuevas entradas para hacer back up','','2017-07-27 05:00:03','125'),(647,2,'no hay nuevas entradas para hacer back up','','2017-07-27 06:00:03','125'),(648,2,'no hay nuevas entradas para hacer back up','','2017-07-27 07:00:03','125'),(649,2,'no hay nuevas entradas para hacer back up','','2017-07-27 08:00:03','125'),(650,2,'no hay nuevas entradas para hacer back up','','2017-07-27 09:00:04','125'),(651,2,'no hay nuevas entradas para hacer back up','','2017-07-27 10:00:03','125'),(652,2,'no hay nuevas entradas para hacer back up','','2017-07-27 11:00:04','125'),(653,2,'no hay nuevas entradas para hacer back up','','2017-07-27 12:00:03','125'),(654,2,'no hay nuevas entradas para hacer back up','','2017-07-27 13:00:04','125'),(655,2,'no hay nuevas entradas para hacer back up','','2017-07-27 14:00:03','125'),(656,2,'no hay nuevas entradas para hacer back up','','2017-07-27 15:00:04','125'),(657,2,'no hay nuevas entradas para hacer back up','','2017-07-27 16:00:04','125'),(658,2,'no hay nuevas entradas para hacer back up','','2017-07-27 17:00:03','125'),(659,2,'no hay nuevas entradas para hacer back up','','2017-07-28 03:00:05','125'),(660,2,'se hizo back up de 23 entradas.','','2017-08-04 05:20:02','148'),(661,2,'no hay nuevas entradas para hacer back up','','2017-08-04 05:25:02','148'),(662,2,'no hay nuevas entradas para hacer back up','','2017-08-04 05:30:03','148'),(663,2,'no hay nuevas entradas para hacer back up','','2017-08-04 05:35:02','148'),(664,2,'no hay nuevas entradas para hacer back up','','2017-08-04 05:40:02','148'),(665,2,'no hay nuevas entradas para hacer back up','','2017-08-04 05:45:02','148'),(666,2,'no hay nuevas entradas para hacer back up','','2017-08-04 05:50:02','148'),(667,2,'no hay nuevas entradas para hacer back up','','2017-08-04 05:55:02','148'),(668,2,'no hay nuevas entradas para hacer back up','','2017-08-04 06:00:03','148'),(669,2,'no hay nuevas entradas para hacer back up','','2017-08-04 06:05:02','148'),(670,2,'no hay nuevas entradas para hacer back up','','2017-08-04 06:10:03','148'),(671,2,'no hay nuevas entradas para hacer back up','','2017-08-04 06:15:03','148'),(672,2,'no hay nuevas entradas para hacer back up','','2017-08-04 06:20:02','148'),(673,2,'no hay nuevas entradas para hacer back up','','2017-08-04 06:25:02','148'),(674,2,'no hay nuevas entradas para hacer back up','','2017-08-04 06:30:02','148'),(675,2,'no hay nuevas entradas para hacer back up','','2017-08-04 06:35:02','148'),(676,2,'no hay nuevas entradas para hacer back up','','2017-08-04 06:40:02','148'),(677,2,'no hay nuevas entradas para hacer back up','','2017-08-04 06:45:02','148'),(678,2,'no hay nuevas entradas para hacer back up','','2017-08-04 06:50:03','148'),(679,2,'no hay nuevas entradas para hacer back up','','2017-08-04 06:55:02','148'),(680,2,'no hay nuevas entradas para hacer back up','','2017-08-04 07:00:03','148'),(681,2,'no hay nuevas entradas para hacer back up','','2017-08-04 07:05:02','148'),(682,2,'no hay nuevas entradas para hacer back up','','2017-08-04 07:10:02','148'),(683,2,'no hay nuevas entradas para hacer back up','','2017-08-04 07:15:03','148'),(684,2,'no hay nuevas entradas para hacer back up','','2017-08-04 07:20:02','148'),(685,2,'no hay nuevas entradas para hacer back up','','2017-08-04 07:25:02','148'),(686,2,'no hay nuevas entradas para hacer back up','','2017-08-04 07:30:03','148'),(687,2,'no hay nuevas entradas para hacer back up','','2017-08-04 07:35:03','148'),(688,2,'no hay nuevas entradas para hacer back up','','2017-08-04 07:40:03','148'),(689,2,'no hay nuevas entradas para hacer back up','','2017-08-04 07:45:02','148'),(690,2,'no hay nuevas entradas para hacer back up','','2017-08-04 07:50:02','148'),(691,2,'no hay nuevas entradas para hacer back up','','2017-08-04 07:55:02','148'),(692,2,'no hay nuevas entradas para hacer back up','','2017-08-04 08:00:04','148'),(693,2,'no hay nuevas entradas para hacer back up','','2017-08-04 08:05:02','148'),(694,2,'no hay nuevas entradas para hacer back up','','2017-08-04 08:10:03','148'),(695,2,'no hay nuevas entradas para hacer back up','','2017-08-04 08:15:02','148'),(696,2,'no hay nuevas entradas para hacer back up','','2017-08-04 08:20:03','148'),(697,2,'no hay nuevas entradas para hacer back up','','2017-08-04 08:25:02','148'),(698,2,'no hay nuevas entradas para hacer back up','','2017-08-04 08:30:03','148'),(699,2,'no hay nuevas entradas para hacer back up','','2017-08-04 08:35:03','148'),(700,2,'no hay nuevas entradas para hacer back up','','2017-08-04 08:40:03','148'),(701,2,'no hay nuevas entradas para hacer back up','','2017-08-04 08:45:02','148'),(702,2,'no hay nuevas entradas para hacer back up','','2017-08-04 08:50:03','148'),(703,2,'no hay nuevas entradas para hacer back up','','2017-08-04 08:55:02','148'),(704,2,'no hay nuevas entradas para hacer back up','','2017-08-04 09:00:03','148'),(705,2,'no hay nuevas entradas para hacer back up','','2017-08-04 09:05:02','148'),(706,2,'no hay nuevas entradas para hacer back up','','2017-08-04 09:10:02','148'),(707,2,'no hay nuevas entradas para hacer back up','','2017-08-04 09:15:03','148'),(708,2,'no hay nuevas entradas para hacer back up','','2017-08-04 09:20:03','148'),(709,2,'no hay nuevas entradas para hacer back up','','2017-08-04 09:25:02','148'),(710,2,'no hay nuevas entradas para hacer back up','','2017-08-04 09:30:03','148'),(711,2,'no hay nuevas entradas para hacer back up','','2017-08-04 09:35:02','148'),(712,2,'no hay nuevas entradas para hacer back up','','2017-08-04 09:40:02','148'),(713,2,'no hay nuevas entradas para hacer back up','','2017-08-04 09:45:02','148'),(714,2,'no hay nuevas entradas para hacer back up','','2017-08-04 09:50:02','148'),(715,2,'no hay nuevas entradas para hacer back up','','2017-08-04 09:55:02','148'),(716,2,'no hay nuevas entradas para hacer back up','','2017-08-04 10:00:03','148'),(717,2,'no hay nuevas entradas para hacer back up','','2017-08-04 10:05:02','148'),(718,2,'no hay nuevas entradas para hacer back up','','2017-08-04 10:10:03','148'),(719,2,'no hay nuevas entradas para hacer back up','','2017-08-04 10:15:02','148'),(720,2,'no hay nuevas entradas para hacer back up','','2017-08-04 10:20:03','148'),(721,2,'no hay nuevas entradas para hacer back up','','2017-08-04 10:25:02','148'),(722,2,'no hay nuevas entradas para hacer back up','','2017-08-04 10:30:03','148'),(723,2,'no hay nuevas entradas para hacer back up','','2017-08-04 10:35:02','148'),(724,2,'no hay nuevas entradas para hacer back up','','2017-08-04 10:40:03','148'),(725,2,'no hay nuevas entradas para hacer back up','','2017-08-04 10:45:02','148'),(726,2,'no hay nuevas entradas para hacer back up','','2017-08-04 10:50:03','148'),(727,2,'no hay nuevas entradas para hacer back up','','2017-08-04 10:55:02','148'),(728,2,'no hay nuevas entradas para hacer back up','','2017-08-04 11:00:03','148'),(729,2,'no hay nuevas entradas para hacer back up','','2017-08-04 11:05:02','148'),(730,2,'no hay nuevas entradas para hacer back up','','2017-08-04 11:10:03','148'),(731,2,'no hay nuevas entradas para hacer back up','','2017-08-04 11:15:02','148'),(732,2,'no hay nuevas entradas para hacer back up','','2017-08-04 11:20:02','148'),(733,2,'no hay nuevas entradas para hacer back up','','2017-08-04 11:25:02','148'),(734,2,'no hay nuevas entradas para hacer back up','','2017-08-04 11:30:03','148'),(735,2,'no hay nuevas entradas para hacer back up','','2017-08-04 11:35:02','148'),(736,2,'no hay nuevas entradas para hacer back up','','2017-08-04 11:40:02','148'),(737,2,'no hay nuevas entradas para hacer back up','','2017-08-04 11:45:03','148'),(738,2,'no hay nuevas entradas para hacer back up','','2017-08-05 03:00:04','148'),(739,2,'se hizo back up de 1 entradas.','','2017-08-07 03:00:02','149'),(740,2,'se hizo back up de 2 entradas.','','2017-08-08 03:00:02','151'),(741,2,'se hizo back up de 3 entradas.','','2017-08-09 03:00:02','154'),(742,2,'se hizo back up de 2 entradas.','','2017-08-10 03:00:02','156'),(743,2,'no hay nuevas entradas para hacer back up','','2017-08-11 03:00:04','156'),(744,2,'no hay nuevas entradas para hacer back up','','2017-08-12 03:00:04','156'),(745,2,'se hizo back up de 21 entradas.','','2017-09-04 03:00:02','177'),(746,2,'no hay nuevas entradas para hacer back up','','2017-09-05 03:00:02','177'),(747,2,'no hay nuevas entradas para hacer back up','','2017-09-06 03:00:04','177'),(748,2,'no hay nuevas entradas para hacer back up','','2017-09-07 03:00:05','177'),(749,2,'se hizo back up de 2 entradas.','','2017-09-10 03:00:02','179'),(750,2,'no hay nuevas entradas para hacer back up','','2017-09-11 03:00:02','179'),(751,2,'no hay nuevas entradas para hacer back up','','2017-09-12 03:00:04','179'),(752,2,'no hay nuevas entradas para hacer back up','','2017-09-13 03:00:03','179'),(753,2,'no hay nuevas entradas para hacer back up','','2017-09-14 03:00:04','179'),(754,2,'no hay nuevas entradas para hacer back up','','2017-10-05 03:00:02','179'),(755,2,'no hay nuevas entradas para hacer back up','','2017-10-06 03:00:03','179'),(756,2,'no hay nuevas entradas para hacer back up','','2017-10-07 03:00:05','179'),(757,2,'no hay nuevas entradas para hacer back up','','2017-10-09 03:00:02','179'),(758,2,'no hay nuevas entradas para hacer back up','','2017-10-10 03:00:04','179'),(759,2,'no hay nuevas entradas para hacer back up','','2017-10-11 03:00:05','179'),(760,2,'no hay nuevas entradas para hacer back up','','2017-10-12 03:00:03','179'),(761,2,'no hay nuevas entradas para hacer back up','','2017-10-13 03:00:03','179'),(762,2,'no hay nuevas entradas para hacer back up','','2017-10-14 03:00:04','179'),(763,2,'no hay nuevas entradas para hacer back up','','2017-10-15 03:00:04','179'),(764,2,'no hay nuevas entradas para hacer back up','','2017-10-16 03:00:04','179'),(765,2,'no hay nuevas entradas para hacer back up','','2017-10-17 03:00:03','179'),(766,2,'no hay nuevas entradas para hacer back up','','2017-10-18 03:00:04','179'),(767,2,'no hay nuevas entradas para hacer back up','','2017-10-19 03:00:04','179'),(768,2,'no hay nuevas entradas para hacer back up','','2017-10-20 03:00:04','179'),(769,2,'no hay nuevas entradas para hacer back up','','2017-10-21 03:00:04','179'),(770,2,'no hay nuevas entradas para hacer back up','','2017-10-22 03:00:04','179'),(771,2,'no hay nuevas entradas para hacer back up','','2017-10-23 03:00:05','179'),(772,2,'no hay nuevas entradas para hacer back up','','2017-10-24 03:00:04','179'),(773,2,'no hay nuevas entradas para hacer back up','','2017-10-25 03:00:04','179'),(774,2,'no hay nuevas entradas para hacer back up','','2017-10-26 03:00:04','179'),(775,2,'no hay nuevas entradas para hacer back up','','2017-10-27 03:00:04','179'),(776,2,'se hizo back up de 1 entradas.','','2017-10-28 03:00:04','180'),(777,2,'no hay nuevas entradas para hacer back up','','2017-10-29 03:00:05','180'),(778,2,'no hay nuevas entradas para hacer back up','','2017-10-30 03:00:05','180'),(779,2,'se hizo back up de 1 entradas.','','2017-10-31 03:00:05','181'),(780,2,'no hay nuevas entradas para hacer back up','','2017-11-01 03:00:04','181'),(781,2,'no hay nuevas entradas para hacer back up','','2017-11-02 03:00:04','181'),(782,2,'se hizo back up de 2 entradas.','','2017-11-03 03:00:02','183'),(783,2,'no hay nuevas entradas para hacer back up','','2017-11-04 03:00:03','183'),(784,2,'no hay nuevas entradas para hacer back up','','2017-11-05 03:00:04','183'),(785,2,'no hay nuevas entradas para hacer back up','','2017-11-06 03:00:06','183'),(786,2,'no hay nuevas entradas para hacer back up','','2017-11-07 03:00:04','183'),(787,2,'se hizo back up de 1 entradas.','','2017-11-10 03:00:02','184'),(788,2,'no hay nuevas entradas para hacer back up','','2017-11-11 03:00:02','184'),(789,2,'no hay nuevas entradas para hacer back up','','2017-11-12 03:00:05','184'),(790,2,'no hay nuevas entradas para hacer back up','','2017-11-13 03:00:04','184'),(791,2,'no hay nuevas entradas para hacer back up','','2017-11-14 03:00:05','184'),(792,2,'se hizo back up de 6 entradas.','','2017-12-03 03:00:03','190'),(793,2,'no hay nuevas entradas para hacer back up','','2017-12-04 03:00:03','190'),(794,2,'no hay nuevas entradas para hacer back up','','2017-12-05 03:00:05','190'),(795,2,'no hay nuevas entradas para hacer back up','','2017-12-06 03:00:05','190'),(796,2,'no hay nuevas entradas para hacer back up','','2017-12-13 03:00:02','190'),(797,2,'no hay nuevas entradas para hacer back up','','2017-12-15 03:00:05','190'),(798,2,'no hay nuevas entradas para hacer back up','','2017-12-16 03:00:04','190'),(799,2,'no hay nuevas entradas para hacer back up','','2018-01-22 03:00:02','190'),(800,2,'no hay nuevas entradas para hacer back up','','2018-01-23 03:00:02','190'),(801,2,'se hizo back up de 1 entradas.','','2018-01-24 03:00:05','191'),(802,2,'no hay nuevas entradas para hacer back up','','2018-01-25 03:00:04','191'),(803,2,'se hizo back up de 3 entradas.','','2018-03-01 03:00:02','194'),(804,2,'no hay nuevas entradas para hacer back up','','2018-03-02 03:00:02','194'),(805,2,'no hay nuevas entradas para hacer back up','','2018-03-03 03:00:04','194'),(806,2,'no hay nuevas entradas para hacer back up','','2018-03-04 03:00:04','194'),(807,2,'no hay nuevas entradas para hacer back up','','2018-03-29 03:00:03','194'),(808,2,'no hay nuevas entradas para hacer back up','','2018-03-30 03:00:03','194'),(809,2,'no hay nuevas entradas para hacer back up','','2018-03-31 03:00:04','194'),(810,2,'no hay nuevas entradas para hacer back up','','2018-04-01 03:00:04','194'),(811,2,'se hizo back up de 106 entradas.','','2018-06-05 03:00:03','300'),(812,2,'no hay nuevas entradas para hacer back up','','2018-06-06 03:00:03','300'),(813,2,'se hizo back up de 1 entradas.','','2018-06-07 03:00:05','301'),(814,2,'no hay nuevas entradas para hacer back up','','2018-06-08 03:00:04','301'),(815,2,'no hay nuevas entradas para hacer back up','','2018-06-09 03:00:04','301'),(816,2,'se hizo back up de 1 entradas.','','2018-07-05 03:00:03','302'),(817,2,'no hay nuevas entradas para hacer back up','','2018-07-06 03:00:02','302'),(818,2,'no hay nuevas entradas para hacer back up','','2018-07-07 03:00:05','302'),(819,2,'no hay nuevas entradas para hacer back up','','2018-07-08 03:00:03','302'),(820,2,'se hizo back up de 13 entradas.','','2018-08-29 03:00:03','315'),(821,2,'no hay nuevas entradas para hacer back up','','2018-08-30 03:00:03','315'),(822,2,'se hizo back up de 1 entradas.','','2018-08-31 03:00:05','316'),(823,2,'se hizo back up de 1 entradas.','','2018-09-01 03:00:03','317'),(824,2,'no hay nuevas entradas para hacer back up','','2018-09-11 03:00:02','317'),(825,2,'no hay nuevas entradas para hacer back up','','2018-09-12 03:00:03','317'),(826,2,'no hay nuevas entradas para hacer back up','','2018-09-13 03:00:05','317'),(827,2,'se hizo back up de 1 entradas.','','2018-09-14 03:00:04','318');
/*!40000 ALTER TABLE `log` ENABLE KEYS */;
UNLOCK TABLES;

--
-- Table structure for table `log_types`
--

DROP TABLE IF EXISTS `log_types`;
/*!40101 SET @saved_cs_client     = @@character_set_client */;
/*!40101 SET character_set_client = utf8 */;
CREATE TABLE `log_types` (
  `id` int(11) NOT NULL AUTO_INCREMENT,
  `name` varchar(255) NOT NULL,
  PRIMARY KEY (`id`)
) ENGINE=InnoDB AUTO_INCREMENT=4 DEFAULT CHARSET=latin1;
/*!40101 SET character_set_client = @saved_cs_client */;

--
-- Dumping data for table `log_types`
--

LOCK TABLES `log_types` WRITE;
/*!40000 ALTER TABLE `log_types` DISABLE KEYS */;
INSERT INTO `log_types` VALUES (1,'generic'),(2,'backup'),(3,'test');
/*!40000 ALTER TABLE `log_types` ENABLE KEYS */;
UNLOCK TABLES;

--
-- Table structure for table `quick_edit`
--

DROP TABLE IF EXISTS `quick_edit`;
/*!40101 SET @saved_cs_client     = @@character_set_client */;
/*!40101 SET character_set_client = utf8 */;
CREATE TABLE `quick_edit` (
  `entry_id` int(11) NOT NULL,
  `cookie_hash` varchar(255) COLLATE utf8_unicode_ci NOT NULL,
  UNIQUE KEY `entry_edit_hash_uniqueness` (`entry_id`),
  CONSTRAINT `entry` FOREIGN KEY (`entry_id`) REFERENCES `entries` (`id`) ON DELETE CASCADE ON UPDATE CASCADE
) ENGINE=InnoDB DEFAULT CHARSET=utf8 COLLATE=utf8_unicode_ci;
/*!40101 SET character_set_client = @saved_cs_client */;

--
-- Dumping data for table `quick_edit`
--

LOCK TABLES `quick_edit` WRITE;
/*!40000 ALTER TABLE `quick_edit` DISABLE KEYS */;
INSERT INTO `quick_edit` VALUES (145,'pTSwkF2T9M084OGI9H8olh6rQ0b6L6nB'),(146,'iDlRuEb0DWoc9h3629A3GwgP0DE7RsNj'),(147,'gc32s8OD1O6LiL9RJZI6lHgBoJ486j00'),(148,'6L5Ram0qFHO8fdlp6w4Ddih3ELdwC32K'),(149,'Yz1vINmxjxnveSZt1kxTKWLtmpgo3kE4'),(150,'r9pegV1FTBw1ZMjcL0DSIf5wCuQ9EHVV'),(151,'rvV668p0DBK1ZLmiOx7VTf0ZijAUFoFC'),(152,'stid5Nowy2WQZKO87b6vEnGamlqs5bOL'),(153,'EavAB9Qu5w0Any90qA33MqzaYJS0jsLC'),(154,'f8jEa35opH59lLZ745oPQcA7133qDcpA'),(155,'jLXFu0wrhZrh86c3s9uNjy8Gcj1m016A'),(156,'w81unC096PbLnyoTMnc8X7vBm5EqP2So'),(157,'Abf21hdCiPq4A3TM0wPO612fyK1S31p8'),(158,'1Mvp70w4knk3KtWqikFmJmKI4c60ErPc'),(159,'84uj5b41dXJWL2Iv67750PdIlcJv18Qd'),(160,'TrGm4P1sIuRv4IjiP4Ekv2GLZibWekfR'),(161,'6Ea87T15B565R94Lwglg8YrEDJDO1ycJ'),(162,'vlB5Ahk9XoO8MiHH5mNc0DKWag1jx7Mx'),(163,'kfeB6VO2fYfIhhcAu5mcZO4JyGyON66F'),(164,'sxuth2aYZw7zg9DJnLouh2ZjMLTUo74W'),(165,'14BXAu3k7y1f0c5AWfhhKJ70XQOcCOdk'),(166,'AP5q78bKOQOo9Mh98LvIRxEVj93GZIH4'),(167,'Idbh7jOcdjFLMn3IG6zQWaNvmhbeN658'),(168,'D0V0719SR30zHSYG5HjII7uvzDi2eT28'),(169,'0Q1y7Gw4LI3yhsevdlUWfpFc094dUCSV'),(170,'oC1UoA09R5ODOjjl5Thr3J67Ugp59bb4'),(171,'nFFA8m952XQmhl2WW77JhlW61gB8swdd'),(172,'a6e5DKw780gWnX1WX860jQ76BMy5V4vY'),(173,'wvaqrfX3401Xo11E6fQz658l77mB14O6'),(174,'d2fMTD2X7Oo59Ugm5Gqs438lg4d6Ug6V'),(175,'CY18Iqkzf2w17NepiEq1r425w59Xhq5F'),(176,'91VqKOA9t86Qb5WdpeQIC6Mj49SV7k1q'),(177,'fGvQtMddZV6hW58Y6P8vS5vC9mjmPFpW'),(178,'rFVS2CuXeIvBuj4dCyJBwm3ZePgoETd6'),(179,'ykxMmcVV00FBRGhNY0A9e7Tll97qL14p'),(180,'7K60Nu43XW630VjjVeil94WYVjO6v2Sd'),(181,'Mg77W9REjY6T6AsDYFD1aTk6jTl8ncD5'),(182,'2HlBV7t5wbnWisNTN458Eay1oeazcvio'),(183,'ci6hNAGX3XTE6v41xPhM9lcr3EO7Vr5L'),(184,'d7dxzQa1ezymCiEMZV9j2c3i2DO4gFrE'),(185,'9r6Wz8gQ9NEEJyT567yGHc7TnV58XsAd'),(186,'U8rMrcf2tnOGIjJhbV99c0y3cAlgGUgE'),(187,'JXG4KOU5xhMI0348636evyUHGzlsRb7i'),(188,'ww88ecv9BAhsyPC531ZlLX3e6lg4T255'),(189,'pbN1hr9cFrVaPYlvQkRgL8sKHWCGnBqb'),(190,'2iY9p9ZQEsnyXIzb4czB2BaFE3v9U6eJ'),(191,'g1vB1l14uM6BeqX9i8LmEWPPX0G3yq4K'),(192,'Sh11kOWhWv8bJK0Ey1zYwkOg7Rc2MJ0A'),(193,'z2QsohoMbogPA4NO43Vt1uy5SHbxSoj2'),(194,'38c2YaHE432SjC6zWKg500oI3H0u0ZQx'),(195,'8fSAl3IqMEqQN3v5i091k20O29T48CKv'),(196,'3Ko9rNv1EpDyuktaiKjd5Ad9LHECi36Y'),(197,'7rd7E1Ndb55pWLVeIuKXJ9hPe59m3mVb'),(198,'aKUHn8ELSTz2a6vWxzkY8RykVfzt4O4T'),(199,'ytG5Yu0rFWyfG4j0nS32nRPFDwPgFbq4'),(200,'w2Mc8Xjhsk1vdI4KUF6XM0s5oJ3Ei6Bi'),(201,'X4nmW9U2YJTRcfdhyhK78IKIG5wqG8CK'),(202,'uYU54Eq77dP3Bj6D2FSUCu3o99N511nd'),(203,'aDXKdJUfVgHhOjBB8E4yFXUgiFVQT47U'),(204,'VEGQIPpF6bf5W0GGoku0A0rty9H0L2g9'),(205,'p0jiod86eswRuaYKnmG0T9R7a0v0e0iK'),(206,'HcA0Qy0fNtZhnylWCyIATEQW8EbV9Y1Q'),(207,'AoCPa2rYX25xYcZ1dbGyqzi1Q6vb4FA8'),(208,'Yqc0QagfFe3OcyP3KUMCje0KYMN2Tml0'),(209,'72w1B0tRwCscWCQve3MfJ964Z4BGh2v2'),(210,'Ff18j0DICx6E0TraC6D7SAHfi2a3UGuz'),(211,'XmOx33F23L7iSufvvieztf7mjl40yky3'),(212,'qWCpHcFVy9oqp6TQF3N7DB6vD6a8zj0o'),(213,'8ha9nSfNl0W6HB4D42z8OU4Fi60D29PD'),(214,'VBA2YhMhbWO2Tpfid5YAPEkv3lw7b14Q'),(215,'5F2vn508ypO4w5Me5jOj3oifJ5utBJVu'),(216,'8GYzd3ocwHmiDy8nC0ada0GuesljkJaT'),(217,'5CpT8OMba5lzy3d8SxG9W0297Y0y6S5h'),(218,'KxM66OA0UpH00R1iN46j84W75UMD7im5'),(219,'6CvmWMfsAyyuGuEEalh5MwV10d5vc7N6'),(220,'JZoxb7121Wqdhc3UNLhgWRlHs4lXEPDl'),(221,'P735XT1kpTKl3YcgtF1dh7mRpEllQpQl'),(222,'ibbuNRT6S739j19a82U78mx85CU36Uaq'),(223,'iljV884k1q1k53MSYSO9vMo5NOi58lcg'),(224,'q2YcFPRbB083535IavvLq9YuwfjFAZST'),(225,'739oXu9q2sUS919gp9yBg32EfRyeCZVE'),(226,'lta4Qhz39bkND4z5J5MS185u0ITO0GiA'),(227,'TZHP54JPlo48jwkH200EWr86JO5b1sbC'),(228,'ZbZ1IMde54U1ao7M3aLfAd7q1oILtn5B'),(229,'263a7EGt58a6N1wbE2AlZfGidBXMpOQu'),(230,'X5UHy3MP3ruLqNZ3Mu48cigV0xp12m15'),(231,'FM83h65khH9YXf3hywvbQVKkTwLELm33'),(232,'NS5q8Q8ic2VbpjnEZXUzXGKnf2Mk1yWR'),(233,'D5FoRzlo3DN3PJr4ih5g8Xmmq1lsn1Qe'),(234,'x28iWJ3TLjif32hzTeg11af4f3C634J5'),(235,'9FHYAsltr2uKqx2BY1g7ygxvIyf70XAQ'),(236,'6SFGhIHz19oVAeyrXk12E4OFxl7GFCR6'),(237,'N4O5Oq3g8E7Xm3vzWMWNbuCk5c18kAOf'),(238,'5CgGKzlNc3sQ2GDNmSREHiX42NaR5Oev'),(239,'cj94U3raosp51p47WRAtT4C3AfWavegg'),(240,'Ppd3AHTT10MA3hh5VFG7Je266p5mER76'),(241,'9635HQcZkP5F60nd7CUVOqP68Klj121R'),(242,'dXtXf64cBnC90QiwV5BpIaeiaSQ2X8H9'),(243,'8hufXS1ly313aZSgVnFdPh9sTjaX4MfG'),(244,'uImL78ap390zrxhMdQvJpJ9to30x387N'),(245,'NKi1Kx4VFTmWVuAvMJC475kyg6IaKW0m'),(246,'0z03yqi3LYrM3E8mk6fv31IwrcfgkOWk'),(247,'OXH1Yf87OyycYg9aZ1u3A4C2yOpCaGAj'),(248,'1NT6NeynvP0It48hTEl80tE2xh2zdH2u'),(249,'0Ry2ia9lM5GPC150v6yeAFY7RVoV8Wns'),(250,'ekLMukA98SClzUHkCZ73j6d0Y27XMQ9d'),(251,'LpwtG645UcHK8W0I2R5RzA2PkjnjQHXm'),(252,'T7118cJqFqxk4KoJ1dwTxlO8FwIdhtwA'),(253,'0SS2Ki87cXQBCFpVQJvDH23ywN6n5E4D'),(254,'6PuVGH5yHd1fswamdfZfJ2uftR8MBXo8'),(255,'ky5a53Ny2bMR8k86u70NvXTUDWmTplgy'),(256,'KIDd7Nrq75B7zzGEo9C0V7pSh8Kje447'),(257,'kSW1mp5L1QtykXH2cToe41e3qUnD744r'),(258,'0A0tBO2Czff79mYnC9mD6ovmsF7B707Y'),(259,'U6G10W8M75rgz0pJ5Z2WZyoEK4qXD40t'),(260,'3hfYorr7sClg4512ygSYsCrj8er3f49R'),(261,'oKtA9hK4xgcu44ge1KTaZd597n56zW6U'),(262,'3QLeY7vMd7Erh1v6oVyLv9m6Gsz2taro'),(263,'6vNxQM1GpO7xO1lHNEczQNfj4IQEJcR6'),(264,'E4DPY5E7Lg6Oh1J99VxtNB4w8GQ3S03f'),(265,'bbVjbE4gZ3r3BgqbmW5J30O7HZDVu6Rd'),(266,'Y0jGv2RE4Bk76NU67ZsocTNIqx3FhCUI'),(267,'wJQt4iHF9wH41K212U2pL3zA4lYncOHf'),(268,'AgYe481uY7f8qdpGFnt6KRGzxWf2f5GW'),(269,'kO8XLif75QX1hfWkZK1kZoyh979NW7LF'),(270,'K0D59hujsANFy778l9bHgd8CB8JXR77u'),(271,'l0b4k55OCvtjskvtJhDT854DseLYDQ51'),(272,'Zlpq6AWT5tVXVqI4mie98Z8ZW23vHNAG'),(273,'lq0HZH7CYhfZvj15VW6J960GeDo2oAfQ'),(274,'04kxSmH3fZqy4g2WA592SY6XpyK5or5h'),(275,'7A8plHA3i3Y9x9S2kBnSeCzT87dwRmb5'),(276,'IYJfB1kVINp4Hr2qmxpLiw9dvryK0okz'),(277,'Z0OxNF1hK6uhVQ5vTg5SSqh9bA9hL7pD'),(278,'jXnPc7GYNvh1qf0ZA4Zy8V5S4PMg0hXR'),(279,'897G4I984kNXDOZsPVuJ8Wh7xOGW1uhK'),(280,'CMlpxphu9Wa5yMOeDiKbBbh3zL8HnS3M'),(281,'5t192Lf5k9xRCDV68wCk3P9pfBG0gNBk'),(282,'W8eU5eAeyPLwSbKqW8DQOKETcW9GXVNr'),(283,'wzPOcNOZE83Vu16C6505a48kobjJ0GSb'),(284,'v1WQaRUYGvE3K9jmqBC8LUFTRPkIuBlf'),(285,'NGAh4ipKRDkPT7k4nPfiWiqco16VK8b6'),(286,'qR36my9OH5CB6if0ZkUx6NYXG716jDlE'),(287,'8dx6oxeHnVUiWk5q9ZRvK1ZN6k8g64CE'),(288,'n1JK5qU6CHqCSjU1JXT3U9knUdBFQpj3'),(289,'1XZ68p3Rb9BMg24Z857278lvwtHqKzA4'),(290,'7CB1tbOUzFY51EPRECyaCy9RYReFV4tb'),(291,'U2JGf2402sC9S9EA73Ml0o4pb9ljDVeQ'),(292,'JwIz56M0hhc4nGQh0d53NkNMrGH5uSQ6'),(293,'1exPXVLEoQXeCp7nis4ujA239m0tbyBc'),(294,'Y1fEiCZXoeKMuT4QBy8qeRi13XOZSrSb'),(295,'3UQa5vp51VPt23q2ncLjJmwVjjWboBGb'),(296,'w5obg5C2HsZC56R4oGCw7asnv9u08k21'),(297,'Eiec3iRkzg8D5ZON93cPK5tNn9o0RSYw'),(298,'rOn3bZi379I55SoSV80aRQJJxoqyIP38'),(299,'uipyqmzwSgocA1NGNvHD5tTbDYlql4Hv'),(300,'2uAvVeCEnJ1qFX2PN2194ebKMUVAGTW6'),(301,'W2Pv2qLH0paMMMP26143tgnPbzkr364X'),(302,'2ZPxP2MASSR0fO5yA4nnr5xkXcY7xLit'),(303,'jeKy0N5EuUGeEes4683uHplwSNydt5gk'),(304,'5x1A8SU0Xe798f3UuZfl0ehQLGHLBT0a'),(305,'H492BxkUxqBCdYvTc8Yd527JACX797mA'),(306,'sg3QQ15Lud7aZ7sN583H6DPwwE0Zh8vj'),(307,'jPVkRGV1INsnFzR7MITbvD478B74AGGy'),(308,'6Zv87Z80jrHdxc13968UXUO7WN40JhLM'),(309,'AW2eYkOqN11vJ2Y812ZqFD3Yt5Y2670G'),(310,'l171lc0YPkjCQTI2jJYr59YN7JYRZonW'),(311,'NF2q9I2UaASC6MAuAy3CtFygMIdXt3MM'),(312,'xyK03YN8Tl4Z2w2LUlN915Ann6zrme91'),(313,'sV0zoGVRDO9Q49c931L1QNg1ZsdlwjpF'),(314,'q0W2bhiHvnZ81QRCZtsom8wEdEDiRoVI'),(315,'3kd3dHLPKRZ4FFUo7Ts7a82LLLI36W42'),(316,'E6FM2rUBfgy1Cs6ak3MZ71O65IO5mMod'),(317,'SzoAU80seBGvrX9zCy6wiw6oquzjO32d'),(318,'UQKB389NH3wlj6c8UzTGDnDCxI8bFU3B'),(321,'G3LxsPEW03QwdgOkQhbrpz3nOdpnc415'),(322,'ZCu3Z8AAzB7lZri210hl2whyc7Q0Tr8t'),(323,'wDR20q3hSvglP9YD5GPIb2LoCOu2tJBn'),(324,'MpMqtD7lq08B466E71VB7g9NFOw876Q5'),(325,'DCzU168MrdKh7fTyj2J572B2t93f5Bg6'),(326,'9lad4Mh7uem5O1171q0t0Zo19OGfoY91'),(327,'34JbjIdJPEDdtmiMDNE6AS687TdwO7Xs'),(328,'576P9yja6zxUf986o3Vu3B7wOGaKB1uY'),(329,'39Owh9br042sIfgRoapeHRO4nOf7D0Te'),(330,'ntmVqq65qtWjJ6fqLdkyINP45vkk5Rwn'),(331,'LYak44J5HGg7L3YR51WwirMwmvppV9dD'),(332,'6HPsSlEgFWgqxJ4u9X7791Pu3RsKz8cF'),(333,'fNO51iX9fYi8s5Kx8TGsmT9L6C07qqBC'),(334,'uPPd8TT4412JCWCfxPpWUVOUKYPm504o'),(335,'PSrqB7RhpoNhPGfl6WJ09w1Gg31FAM9u'),(336,'5Qw4lDyIH8s1c0t4SN671rpuyL81tICm'),(337,'E7c0T8VRh9DF56S0fP9xnH3CME7w5NV3'),(338,'N80M8W8GAB3Ellozt1XelPrrypzThtOI'),(339,'KABzwTFKKK5o0wcPUlZLps2Ryc3k8FpI'),(340,'X3Px5GZcETsSJ1S8da959zdB6OmhAb5S'),(341,'2mCgzIdIy7npoOKIzmzRaQcmC8U4D6Fj'),(342,'bMQbGiKy3DXIGNtr3U350NErx40s5Di3'),(343,'gffQl5UvIcTQMAyyrnp7t5bXkyVBC3yQ'),(344,'4MjLvZEYmgedJG5ohwoJTg26J5PeHSyw'),(345,'D4HpnKPHgB17c97G4Iivcr5TeiT8sh3l'),(346,'LXc17OnC8pcX9yvy5Gyw55ve34lZ15fD');
/*!40000 ALTER TABLE `quick_edit` ENABLE KEYS */;
UNLOCK TABLES;
/*!40103 SET TIME_ZONE=@OLD_TIME_ZONE */;

/*!40101 SET SQL_MODE=@OLD_SQL_MODE */;
/*!40014 SET FOREIGN_KEY_CHECKS=@OLD_FOREIGN_KEY_CHECKS */;
/*!40014 SET UNIQUE_CHECKS=@OLD_UNIQUE_CHECKS */;
/*!40101 SET CHARACTER_SET_CLIENT=@OLD_CHARACTER_SET_CLIENT */;
/*!40101 SET CHARACTER_SET_RESULTS=@OLD_CHARACTER_SET_RESULTS */;
/*!40101 SET COLLATION_CONNECTION=@OLD_COLLATION_CONNECTION */;
/*!40111 SET SQL_NOTES=@OLD_SQL_NOTES */;

-- Dump completed on 2019-10-11 23:17:42
